x,y,ID,h
-176.40888728167636,-64.21299950104218,1,1e-05
-171.40888495067634,-72.87325757704217,2,0.003715997809854609
-171.40888495067634,-67.09975219304218,3,0.009870881337504541
-171.40888495067634,-61.32624680904219,4,1e-05
-166.40888261967635,-69.9865048850422,5,0.045796583660679055
-166.40888261967635,-64.21299950104218,6,0.0995884362152824
-166.40888261967635,-58.43949411704218,7,1e-05
-166.40888261967635,-41.11897796604218,8,1e-05
-166.40888261967635,-35.34547258204219,9,1e-05
-161.4088802886763,-72.87325757704217,10,0.0057519444204870065
-161.4088802886763,-67.09975219304218,11,0.6124405125410652
-161.4088802886763,-61.32624680904219,12,0.09484225002156169
-161.4088802886763,-55.55274142604217,13,0.004275295081581609
-161.4088802886763,-49.77923604204218,14,0.00566831118359325
-161.4088802886763,-44.00573065804219,15,0.0029920476029930247
-161.4088802886763,-38.232225274042165,16,1e-05
-161.4088802886763,-32.45871989004218,17,1e-05
-161.4088802886763,-26.685214507042197,18,1e-05
-161.4088802886763,-20.91170912304218,19,1e-05
-156.4088779566763,-69.9865048850422,20,1e-05
-156.4088779566763,-64.21299950104218,21,0.10517879539389947
-156.4088779566763,-58.43949411704218,22,0.06482053151535584
-156.4088779566763,-52.66598873404219,23,0.03416633665514097
-156.4088779566763,-46.89248335004217,24,0.02005061439066653
-156.4088779566763,-41.11897796604218,25,0.014867967241906524
-156.4088779566763,-35.34547258204219,26,0.012960084025267691
-156.4088779566763,-29.57196719804217,27,1e-05
-156.4088779566763,-23.798461815042188,28,1e-05
-156.4088779566763,-18.02495643104217,29,1e-05
-151.40887562567636,-67.09975219304218,30,1e-05
-151.40887562567636,-61.32624680904219,31,0.013205756658643103
-151.40887562567636,-55.55274142604217,32,0.0025634272639125195
-151.40887562567636,-49.77923604204218,33,1e-05
-151.40887562567636,-44.00573065804219,34,0.06527267370231271
-151.40887562567636,-38.232225274042165,35,0.016571994443616823
-151.40887562567636,-32.45871989004218,36,0.005636948719758091
-151.40887562567636,-26.685214507042197,37,1e-05
-151.40887562567636,-20.91170912304218,38,0.012016596571559995
-151.40887562567636,-15.13820373904219,39,1e-05
-146.4088732946763,-58.43949411704218,40,1e-05
-146.4088732946763,-46.89248335004217,41,1e-05
-146.4088732946763,-41.11897796604218,42,0.0361003552583091
-146.4088732946763,-35.34547258204219,43,0.02600686898069379
-146.4088732946763,-29.57196719804217,44,0.01071766786105383
-146.4088732946763,-23.798461815042188,45,0.0007705397480026031
-146.4088732946763,-18.02495643104217,46,1e-05
-146.4088732946763,-12.251451047042181,47,1e-05
-141.40887096367632,-44.00573065804219,48,1e-05
-141.40887096367632,-38.232225274042165,49,0.004858114201184978
-141.40887096367632,-32.45871989004218,50,0.017460597585612993
-141.40887096367632,-26.685214507042197,51,0.0013298370197296033
-141.40887096367632,-20.91170912304218,52,0.0032821503934682443
-141.40887096367632,-15.13820373904219,53,0.0010109853040721547
-141.40887096367632,-9.364698355042172,54,0.010788233404682938
-141.40887096367632,-3.5911929710421826,55,1e-05
-136.4088686316763,-41.11897796604218,56,1e-05
-136.4088686316763,-35.34547258204219,57,0.023385489711805093
-136.4088686316763,-29.57196719804217,58,0.016020537787848614
-136.4088686316763,-23.798461815042188,59,0.009282835140595311
-136.4088686316763,-18.02495643104217,60,0.0034468033286028286
-136.4088686316763,-12.251451047042181,61,0.0026601281940709263
-136.4088686316763,-6.477945663042192,62,0.00422825138582887
-136.4088686316763,-0.7044402790421737,63,1e-05
-136.4088686316763,5.069065103957837,64,1e-05
-136.4088686316763,10.842570487957826,65,1e-05
-136.4088686316763,16.616075871957843,66,1e-05
-131.40886630067638,-38.232225274042165,67,1e-05
-131.40886630067638,-32.45871989004218,68,0.058707464606152795
-131.40886630067638,-26.685214507042197,69,0.025073835681597812
-131.40886630067638,-20.91170912304218,70,0.025588702796225004
-131.40886630067638,-15.13820373904219,71,0.014201514885409397
-131.40886630067638,-9.364698355042172,72,0.004385063705004665
-131.40886630067638,-3.5911929710421826,73,0.004395517859616385
-131.40886630067638,2.182312411957828,74,0.014917624476312192
-131.40886630067638,7.955817795957817,75,0.0011965465484301782
-131.40886630067638,13.729323179957834,76,1e-05
-131.40886630067638,19.502828563957824,77,1e-05
-126.40886396967632,-35.34547258204219,78,1e-05
-126.40886396967632,-29.57196719804217,79,0.11634121898056311
-126.40886396967632,-23.798461815042188,80,0.04987370395924971
-126.40886396967632,-18.02495643104217,81,0.01185194363642541
-126.40886396967632,-12.251451047042181,82,0.014347873049973472
-126.40886396967632,-6.477945663042192,83,0.00043862033908050486
-126.40886396967632,-0.7044402790421737,84,0.007252115607268773
-126.40886396967632,5.069065103957837,85,0.002814326974593791
-126.40886396967632,10.842570487957826,86,1e-05
-126.40886396967632,16.616075871957843,87,1e-05
-126.40886396967632,22.389581255957832,88,1e-05
-121.40886163867626,-38.232225274042165,89,1e-05
-121.40886163867626,-32.45871989004218,90,0.39454979504629883
-121.40886163867626,-26.685214507042197,91,0.08604246537714669
-121.40886163867626,-20.91170912304218,92,0.03190301218170367
-121.40886163867626,-15.13820373904219,93,0.019956526999161055
-121.40886163867626,-9.364698355042172,94,0.005741490265875287
-121.40886163867626,-3.5911929710421826,95,0.08250896111838546
-121.40886163867626,2.182312411957828,96,0.013069852648690749
-121.40886163867626,7.955817795957817,97,0.002892733134181688
-121.40886163867626,13.729323179957834,98,1e-05
-121.40886163867626,19.502828563957824,99,0.0016695970446104914
-121.40886163867626,25.27633394795784,100,1e-05
-116.40885930667632,-41.11897796604218,101,1e-05
-116.40885930667632,-35.34547258204219,102,0.013610855149847239
-116.40885930667632,-29.57196719804217,103,0.03410622526612358
-116.40885930667632,-23.798461815042188,104,0.006353058310660885
-116.40885930667632,-18.02495643104217,105,0.011512183611544522
-116.40885930667632,-12.251451047042181,106,0.007552672552355713
-116.40885930667632,-6.477945663042192,107,0.00451835417630409
-116.40885930667632,-0.7044402790421737,108,0.002529451261424431
-116.40885930667632,5.069065103957837,109,0.00594011920349796
-116.40885930667632,10.842570487957826,110,0.0004124849525512058
-116.40885930667632,16.616075871957843,111,0.027899070965415045
-116.40885930667632,22.389581255957832,112,0.0021504881567495945
-116.40885930667632,28.163086638957815,113,0.002717626044435384
-116.40885930667632,33.93659202295783,114,1e-05
-111.40885697567637,-72.87325757704217,115,1e-05
-111.40885697567637,-67.09975219304218,116,1e-05
-111.40885697567637,-61.32624680904219,117,1e-05
-111.40885697567637,-55.55274142604217,118,1e-05
-111.40885697567637,-49.77923604204218,119,1e-05
-111.40885697567637,-44.00573065804219,120,0.0023046869372724587
-111.40885697567637,-38.232225274042165,121,1e-05
-111.40885697567637,-32.45871989004218,122,0.013987204715869145
-111.40885697567637,-26.685214507042197,123,0.0008620136008551499
-111.40885697567637,-20.91170912304218,124,0.01129264636469841
-111.40885697567637,-15.13820373904219,125,0.0014944899548641876
-111.40885697567637,-9.364698355042172,126,0.008072766744288765
-111.40885697567637,-3.5911929710421826,127,0.0027646697401881226
-111.40885697567637,2.182312411957828,128,0.011802286402019743
-111.40885697567637,7.955817795957817,129,0.0012958610172415146
-111.40885697567637,13.729323179957834,130,0.012306699362035215
-111.40885697567637,19.502828563957824,131,0.0009796228402369957
-111.40885697567637,25.27633394795784,132,0.003321353473262193
-111.40885697567637,31.049839330957823,133,0.026756954574084675
-111.40885697567637,36.82334471495784,134,0.0005797514263387198
-106.40885464467632,-81.53351565304219,135,1e-05
-106.40885464467632,-75.76001026904218,136,1e-05
-106.40885464467632,-69.9865048850422,137,1e-05
-106.40885464467632,-64.21299950104218,138,1e-05
-106.40885464467632,-58.43949411704218,139,1e-05
-106.40885464467632,-52.66598873404219,140,1e-05
-106.40885464467632,-46.89248335004217,141,1e-05
-106.40885464467632,-41.11897796604218,142,1e-05
-106.40885464467632,-35.34547258204219,143,0.06695317905614664
-106.40885464467632,-29.57196719804217,144,0.02000357069491379
-106.40885464467632,-23.798461815042188,145,0.0013925619473999212
-106.40885464467632,-18.02495643104217,146,0.014520366601066847
-106.40885464467632,-12.251451047042181,147,0.01836488195952674
-106.40885464467632,-6.477945663042192,148,0.011161969432051916
-106.40885464467632,-0.7044402790421737,149,0.002984206987034235
-106.40885464467632,5.069065103957837,150,0.02084513014115722
-106.40885464467632,10.842570487957826,151,1e-05
-106.40885464467632,16.616075871957843,152,0.0369393011658996
-106.40885464467632,22.389581255957832,153,1e-05
-106.40885464467632,28.163086638957815,154,0.0024797940270187627
-106.40885464467632,33.93659202295783,155,0.09987592546710469
-106.40885464467632,39.71009740695785,156,1e-05
-101.40885231367626,-84.42026834454217,157,1e-05
-101.40885231367626,-78.64676296104217,158,1e-05
-101.40885231367626,-72.87325757704217,159,1e-05
-101.40885231367626,-67.09975219304218,160,0.008394231998599143
-101.40885231367626,-61.32624680904219,161,0.011687290701290827
-101.40885231367626,-55.55274142604217,162,0.006580436173465787
-101.40885231367626,-49.77923604204218,163,0.01130310051931013
-101.40885231367626,-44.00573065804219,164,0.016462225820193768
-101.40885231367626,-38.232225274042165,165,0.10796744113657569
-101.40885231367626,-32.45871989004218,166,0.0385126514349634
-101.40885231367626,-26.685214507042197,167,0.003880650744989193
-101.40885231367626,-20.91170912304218,168,0.0030417048373986926
-101.40885231367626,-15.13820373904219,169,0.005772852729710446
-101.40885231367626,-9.364698355042172,170,0.023832404821456106
-101.40885231367626,-3.5911929710421826,171,0.0019727675283503607
-101.40885231367626,2.182312411957828,172,0.010252457980832307
-101.40885231367626,7.955817795957817,173,0.004466083403245492
-101.40885231367626,13.729323179957834,174,1e-05
-101.40885231367626,19.502828563957824,175,0.03573707338555184
-101.40885231367626,25.27633394795784,176,0.04430163955120315
-101.40885231367626,31.049839330957823,177,1e-05
-101.40885231367626,36.82334471495784,178,0.0023151410918841784
-101.40885231367626,42.5968500989578,179,1e-05
-101.40885231367626,48.37035548295782,180,1e-05
-101.40885231367626,59.91736624995782,181,1e-05
-101.40885231367626,65.69087163395784,182,1e-05
-96.40884998167633,-93.08052642024218,183,1e-05
-96.40884998167633,-87.30702103644217,184,1e-05
-96.40884998167633,-81.53351565304219,185,0.0013794942541352716
-96.40884998167633,-75.76001026904218,186,1e-05
-96.40884998167633,-69.9865048850422,187,1e-05
-96.40884998167633,-64.21299950104218,188,0.0018525447503155849
-96.40884998167633,-58.43949411704218,189,0.06769542403357874
-96.40884998167633,-52.66598873404219,190,0.002639219884847487
-96.40884998167633,-46.89248335004217,191,0.00506458375476644
-96.40884998167633,-41.11897796604218,192,0.0022680973961314403
-96.40884998167633,-35.34547258204219,193,1e-05
-96.40884998167633,-29.57196719804217,194,1e-05
-96.40884998167633,-23.798461815042188,195,0.0036741811914077303
-96.40884998167633,-18.02495643104217,196,0.00851968185393978
-96.40884998167633,-12.251451047042181,197,0.001340291174341323
-96.40884998167633,-6.477945663042192,198,0.0076153974800260305
-96.40884998167633,-0.7044402790421737,199,0.0033840784009325107
-96.40884998167633,5.069065103957837,200,0.03022773390517559
-96.40884998167633,10.842570487957826,201,0.002618311575624048
-96.40884998167633,16.616075871957843,202,0.002759442662882263
-96.40884998167633,22.389581255957832,203,0.09203530950831497
-96.40884998167633,28.163086638957815,204,1e-05
-96.40884998167633,33.93659202295783,205,1e-05
-96.40884998167633,39.71009740695785,206,0.016221780264124217
-96.40884998167633,45.48360279095781,207,0.004774480964291221
-96.40884998167633,51.25710817495783,208,0.007850615958789723
-96.40884998167633,57.030613557957814,209,1e-05
-96.40884998167633,62.80411894195783,210,1e-05
-96.40884998167633,68.57762432595779,211,1e-05
-96.40884998167633,74.3511297099578,212,1e-05
-96.40884998167633,80.12463509395782,213,1e-05
-91.40884765067638,-101.74078449594218,214,1e-05
-91.40884765067638,-95.9672791121422,215,1e-05
-91.40884765067638,-90.1937737283422,216,1e-05
-91.40884765067638,-84.42026834454217,217,1e-05
-91.40884765067638,-78.64676296104217,218,0.006055114904226876
-91.40884765067638,-72.87325757704217,219,0.010547787848613387
-91.40884765067638,-67.09975219304218,220,0.007299159303021512
-91.40884765067638,-61.32624680904219,221,0.023341059554705286
-91.40884765067638,-55.55274142604217,222,0.01774547329878235
-91.40884765067638,-49.77923604204218,223,0.006998602357934572
-91.40884765067638,-44.00573065804219,224,1e-05
-91.40884765067638,-38.232225274042165,225,1e-05
-91.40884765067638,-32.45871989004218,226,0.003912013208824352
-91.40884765067638,-26.685214507042197,227,1e-05
-91.40884765067638,-20.91170912304218,228,0.0632785437101272
-91.40884765067638,-15.13820373904219,229,0.007497788240644185
-91.40884765067638,-9.364698355042172,230,0.009178293594478115
-91.40884765067638,-3.5911929710421826,231,0.015659869453744285
-91.40884765067638,2.182312411957828,232,0.0054801364005822965
-91.40884765067638,7.955817795957817,233,0.01901565308410629
-91.40884765067638,13.729323179957834,234,0.00734620299877425
-91.40884765067638,19.502828563957824,235,0.003932921518047791
-91.40884765067638,25.27633394795784,236,0.016825507692951026
-91.40884765067638,31.049839330957823,237,0.005639562258411021
-91.40884765067638,36.82334471495784,238,1e-05
-91.40884765067638,42.5968500989578,239,0.0036532728821842913
-91.40884765067638,48.37035548295782,240,0.004168139996811483
-91.40884765067638,54.14386086695784,241,0.0012226819349594772
-91.40884765067638,59.91736624995782,242,1e-05
-91.40884765067638,65.69087163395784,243,0.004434720939410333
-91.40884765067638,71.4643770179578,244,0.0007862209799201826
-91.40884765067638,77.23788240195782,245,0.003240333775021366
-86.40884531967633,-104.6275371878422,246,1e-05
-86.40884531967633,-98.85403180404218,247,1e-05
-86.40884531967633,-93.08052642024218,248,1e-05
-86.40884531967633,-87.30702103644217,249,1e-05
-86.40884531967633,-81.53351565304219,250,0.002215826623072842
-86.40884531967633,-75.76001026904218,251,0.04510399591765263
-86.40884531967633,-69.9865048850422,252,0.022010768380363963
-86.40884531967633,-64.21299950104218,253,1e-05
-86.40884531967633,-58.43949411704218,254,0.003295218086732894
-86.40884531967633,-52.66598873404219,255,1e-05
-86.40884531967633,-46.89248335004217,256,0.002921482059363917
-86.40884531967633,-41.11897796604218,257,1e-05
-86.40884531967633,-35.34547258204219,258,0.010098259200309443
-86.40884531967633,-29.57196719804217,259,0.002077309074467557
-86.40884531967633,-23.798461815042188,260,0.01530181465829289
-86.40884531967633,-18.02495643104217,261,0.011271738055474972
-86.40884531967633,-12.251451047042181,262,0.0046307363383800764
-86.40884531967633,-6.477945663042192,263,0.021090802774532635
-86.40884531967633,-0.7044402790421737,264,0.049168048522958634
-86.40884531967633,5.069065103957837,265,0.017983305316198975
-86.40884531967633,10.842570487957826,266,0.010085191507044794
-86.40884531967633,16.616075871957843,267,0.0302198932892168
-86.40884531967633,22.389581255957832,268,0.008901258497267545
-86.40884531967633,28.163086638957815,269,0.01865237121134903
-86.40884531967633,33.93659202295783,270,0.016613811062063704
-86.40884531967633,39.71009740695785,271,0.0035278230268436556
-86.40884531967633,45.48360279095781,272,0.013472337601241953
-86.40884531967633,51.25710817495783,273,0.0013350640970354632
-86.40884531967633,57.030613557957814,274,0.0009665551469723462
-86.40884531967633,62.80411894195783,275,0.003321353473262193
-86.40884531967633,68.57762432595779,276,0.021663167739524283
-86.40884531967633,74.3511297099578,277,0.002814326974593791
-86.40884531967633,80.12463509395782,278,1e-05
-81.40884298867627,-101.74078449594218,279,1e-05
-81.40884298867627,-95.9672791121422,280,1e-05
-81.40884298867627,-90.1937737283422,281,0.001959699835085711
-81.40884298867627,-84.42026834454217,282,0.008292303991134876
-81.40884298867627,-78.64676296104217,283,0.0074533580835443765
-81.40884298867627,-72.87325757704217,284,0.018675893059225398
-81.40884298867627,-67.09975219304218,285,1e-05
-81.40884298867627,-61.32624680904219,286,1e-05
-81.40884298867627,-55.55274142604217,287,1e-05
-81.40884298867627,-49.77923604204218,288,0.0038179258173188756
-81.40884298867627,-44.00573065804219,289,1e-05
-81.40884298867627,-38.232225274042165,290,1e-05
-81.40884298867627,-32.45871989004218,291,1e-05
-81.40884298867627,-26.685214507042197,292,1e-05
-81.40884298867627,-20.91170912304218,293,0.007704257794225648
-81.40884298867627,-15.13820373904219,294,1e-05
-81.40884298867627,-9.364698355042172,295,0.0037316790417721885
-81.40884298867627,-3.5911929710421826,296,0.004609828029156637
-81.40884298867627,2.182312411957828,297,0.11323894859953532
-81.40884298867627,7.955817795957817,298,0.010900615566758925
-81.40884298867627,13.729323179957834,299,0.017476278817530572
-81.40884298867627,19.502828563957824,300,0.007968225198171568
-81.40884298867627,25.27633394795784,301,0.0053494594679358
-81.40884298867627,31.049839330957823,302,0.00142915148854094
-81.40884298867627,36.82334471495784,303,1e-05
-81.40884298867627,42.5968500989578,304,0.009272380985983592
-81.40884298867627,48.37035548295782,305,1e-05
-81.40884298867627,54.14386086695784,306,0.0017140272017102999
-81.40884298867627,59.91736624995782,307,1e-05
-81.40884298867627,65.69087163395784,308,0.008420367385128443
-81.40884298867627,71.4643770179578,309,0.006013298285779997
-81.40884298867627,77.23788240195782,310,0.0020616278425499776
-76.40884065667633,-98.85403180404218,311,1e-05
-76.40884065667633,-93.08052642024218,312,1e-05
-76.40884065667633,-87.30702103644217,313,1e-05
-76.40884065667633,-81.53351565304219,314,0.020860811373074804
-76.40884065667633,-75.76001026904218,315,1e-05
-76.40884065667633,-69.9865048850422,316,0.024190459616907505
-76.40884065667633,-64.21299950104218,317,0.009280221601942381
-76.40884065667633,-58.43949411704218,318,1e-05
-76.40884065667633,-52.66598873404219,319,1e-05
-76.40884065667633,-46.89248335004217,320,1e-05
-76.40884065667633,-41.11897796604218,321,1e-05
-76.40884065667633,-35.34547258204219,322,1e-05
-76.40884065667633,-29.57196719804217,323,1e-05
-76.40884065667633,-23.798461815042188,324,1e-05
-76.40884065667633,-18.02495643104217,325,1e-05
-76.40884065667633,-12.251451047042181,326,1e-05
-76.40884065667633,-6.477945663042192,327,0.013109055728484696
-76.40884065667633,-0.7044402790421737,328,0.013469724062589023
-76.40884065667633,5.069065103957837,329,0.028599499324400257
-76.40884065667633,10.842570487957826,330,0.019342345415722526
-76.40884065667633,16.616075871957843,331,0.005704900724734268
-76.40884065667633,22.389581255957832,332,0.020505370116276334
-76.40884065667633,28.163086638957815,333,0.013093374496567117
-76.40884065667633,33.93659202295783,334,0.02405978268426101
-76.40884065667633,39.71009740695785,335,0.16634605402707106
-76.40884065667633,45.48360279095781,336,0.009272380985983592
-76.40884065667633,51.25710817495783,337,0.00878887633519156
-76.40884065667633,57.030613557957814,338,0.01774285976012942
-76.40884065667633,62.80411894195783,339,0.0023412764784134774
-76.40884065667633,68.57762432595779,340,0.0006999742043734956
-71.40883832567638,-95.9672791121422,341,1e-05
-71.40883832567638,-90.1937737283422,342,1e-05
-71.40883832567638,-84.42026834454217,343,1e-05
-71.40883832567638,-78.64676296104217,344,1e-05
-71.40883832567638,-72.87325757704217,345,1e-05
-71.40883832567638,-67.09975219304218,346,0.015936904550954856
-71.40883832567638,-61.32624680904219,347,0.03716929256735743
-71.40883832567638,-55.55274142604217,348,1e-05
-71.40883832567638,-49.77923604204218,349,1e-05
-71.40883832567638,-44.00573065804219,350,0.0025372918773832204
-71.40883832567638,-38.232225274042165,351,1e-05
-71.40883832567638,-32.45871989004218,352,0.01778728991722923
-71.40883832567638,-26.685214507042197,353,1e-05
-71.40883832567638,-20.91170912304218,354,0.0017218678176690895
-71.40883832567638,-15.13820373904219,355,1e-05
-71.40883832567638,-9.364698355042172,356,1e-05
-71.40883832567638,-3.5911929710421826,357,0.010879707257535485
-71.40883832567638,2.182312411957828,358,0.014070837952762903
-71.40883832567638,7.955817795957817,359,0.030643286550991446
-71.40883832567638,13.729323179957834,360,0.013435748060100935
-71.40883832567638,19.502828563957824,361,0.0074141550037504275
-71.40883832567638,25.27633394795784,362,0.022690288430125737
-71.40883832567638,31.049839330957823,363,0.04586976274296109
-71.40883832567638,36.82334471495784,364,0.06836971700603466
-71.40883832567638,42.5968500989578,365,1e-05
-71.40883832567638,48.37035548295782,366,0.000715655436291075
-71.40883832567638,54.14386086695784,367,0.0004307797231217151
-71.40883832567638,59.91736624995782,368,0.010296888137932116
-71.40883832567638,65.69087163395784,369,0.0009456468377489069
-71.40883832567638,71.4643770179578,370,1e-05
-66.40883599467634,-98.85403180404218,371,1e-05
-66.40883599467634,-93.08052642024218,372,1e-05
-66.40883599467634,-87.30702103644217,373,1e-05
-66.40883599467634,-81.53351565304219,374,1e-05
-66.40883599467634,-75.76001026904218,375,1e-05
-66.40883599467634,-69.9865048850422,376,1e-05
-66.40883599467634,-64.21299950104218,377,0.09666127292400091
-66.40883599467634,-58.43949411704218,378,0.03053090438891546
-66.40883599467634,-52.66598873404219,379,1e-05
-66.40883599467634,-46.89248335004217,380,1e-05
-66.40883599467634,-41.11897796604218,381,0.002166169388667174
-66.40883599467634,-35.34547258204219,382,1e-05
-66.40883599467634,-29.57196719804217,383,1e-05
-66.40883599467634,-23.798461815042188,384,1e-05
-66.40883599467634,-18.02495643104217,385,0.0033318076278739126
-66.40883599467634,-12.251451047042181,386,1e-05
-66.40883599467634,-6.477945663042192,387,1e-05
-66.40883599467634,-0.7044402790421737,388,0.021671008355483072
-66.40883599467634,5.069065103957837,389,1e-05
-66.40883599467634,10.842570487957826,390,1e-05
-66.40883599467634,16.616075871957843,391,0.00312533807429245
-66.40883599467634,22.389581255957832,392,0.029480261850437638
-66.40883599467634,28.163086638957815,393,0.01733514773027236
-66.40883599467634,33.93659202295783,394,0.00851968185393978
-66.40883599467634,39.71009740695785,395,0.028045429129979118
-66.40883599467634,45.48360279095781,396,0.013315525282066159
-66.40883599467634,51.25710817495783,397,0.02433159070416572
-66.40883599467634,57.030613557957814,398,0.0007365637455145144
-66.40883599467634,62.80411894195783,399,0.049141913136429335
-66.40883599467634,68.57762432595779,400,0.0035565719520258845
-61.40883366367628,-95.9672791121422,401,1e-05
-61.40883366367628,-90.1937737283422,402,1e-05
-61.40883366367628,-84.42026834454217,403,1e-05
-61.40883366367628,-78.64676296104217,404,1e-05
-61.40883366367628,-72.87325757704217,405,1e-05
-61.40883366367628,-67.09975219304218,406,0.010257685058138167
-61.40883366367628,-61.32624680904219,407,0.005890461969092291
-61.40883366367628,-55.55274142604217,408,0.01156706792325605
-61.40883366367628,-49.77923604204218,409,1e-05
-61.40883366367628,-44.00573065804219,410,1e-05
-61.40883366367628,-38.232225274042165,411,0.006167497066302862
-61.40883366367628,-32.45871989004218,412,0.0034441897899498987
-61.40883366367628,-26.685214507042197,413,0.007714711948837367
-61.40883366367628,-20.91170912304218,414,1e-05
-61.40883366367628,-15.13820373904219,415,0.0021086715383027157
-61.40883366367628,-9.364698355042172,416,1e-05
-61.40883366367628,-3.5911929710421826,417,0.004162912919505623
-61.40883366367628,2.182312411957828,418,0.004667325879521095
-61.40883366367628,7.955817795957817,419,0.0023151410918841784
-61.40883366367628,13.729323179957834,420,0.10350351711737141
-61.40883366367628,19.502828563957824,421,0.01128741928739255
-61.40883366367628,25.27633394795784,422,0.03358874461284345
-61.40883366367628,31.049839330957823,423,0.007840161804178002
-61.40883366367628,36.82334471495784,424,0.006543846632324769
-61.40883366367628,42.5968500989578,425,0.048271604765003674
-61.40883366367628,48.37035548295782,426,1e-05
-61.40883366367628,54.14386086695784,427,0.004688234188744534
-61.40883366367628,59.91736624995782,428,0.0010449613065602434
-61.40883366367628,65.69087163395784,429,0.0030469319147045527
-61.40883366367628,71.4643770179578,430,0.003925080902089001
-61.40883366367628,77.23788240195782,431,0.012570666765981136
-56.40883133167634,-93.08052642024218,432,1e-05
-56.40883133167634,-87.30702103644217,433,1e-05
-56.40883133167634,-81.53351565304219,434,1e-05
-56.40883133167634,-75.76001026904218,435,0.004411199091533964
-56.40883133167634,-69.9865048850422,436,1e-05
-56.40883133167634,-64.21299950104218,437,0.002665355271376786
-56.40883133167634,-58.43949411704218,438,0.02294641521811287
-56.40883133167634,-52.66598873404219,439,0.010270752751402816
-56.40883133167634,-46.89248335004217,440,1e-05
-56.40883133167634,-41.11897796604218,441,1e-05
-56.40883133167634,-35.34547258204219,442,1e-05
-56.40883133167634,-29.57196719804217,443,1e-05
-56.40883133167634,-23.798461815042188,444,1e-05
-56.40883133167634,-18.02495643104217,445,1e-05
-56.40883133167634,-12.251451047042181,446,0.002166169388667174
-56.40883133167634,-6.477945663042192,447,1e-05
-56.40883133167634,-0.7044402790421737,448,0.016323708271588484
-56.40883133167634,5.069065103957837,449,0.013038490184855589
-56.40883133167634,10.842570487957826,450,0.04374234227947615
-56.40883133167634,16.616075871957843,451,0.4062689023660366
-56.40883133167634,22.389581255957832,452,0.09736954189894491
-56.40883133167634,28.163086638957815,453,0.030564880391403548
-56.40883133167634,33.93659202295783,454,0.004330179393293137
-56.40883133167634,39.71009740695785,455,0.00848047877414583
-56.40883133167634,45.48360279095781,456,0.028288488224701598
-56.40883133167634,51.25710817495783,457,0.00025567263337541134
-56.40883133167634,57.030613557957814,458,1e-05
-56.40883133167634,62.80411894195783,459,0.013796416394205263
-56.40883133167634,68.57762432595779,460,0.022786989360284143
-56.40883133167634,74.3511297099578,461,0.01589508793250798
-56.40883133167634,80.12463509395782,462,0.0035827073385551835
-56.40883133167634,85.89814047695783,463,1e-05
-51.4088290006764,-90.1937737283422,464,1e-05
-51.4088290006764,-84.42026834454217,465,1e-05
-51.4088290006764,-78.64676296104217,466,1e-05
-51.4088290006764,-72.87325757704217,467,1e-05
-51.4088290006764,-67.09975219304218,468,1e-05
-51.4088290006764,-61.32624680904219,469,1e-05
-51.4088290006764,-55.55274142604217,470,0.05770386576342771
-51.4088290006764,-49.77923604204218,471,1e-05
-51.4088290006764,-44.00573065804219,472,1e-05
-51.4088290006764,-38.232225274042165,473,1e-05
-51.4088290006764,-32.45871989004218,474,0.008846374185556017
-51.4088290006764,-26.685214507042197,475,1e-05
-51.4088290006764,-20.91170912304218,476,1e-05
-51.4088290006764,-15.13820373904219,477,0.010009398886109825
-51.4088290006764,-9.364698355042172,478,0.0032168119271449966
-51.4088290006764,-3.5911929710421826,479,0.0365551109839189
-51.4088290006764,2.182312411957828,480,0.011148901738787265
-51.4088290006764,7.955817795957817,481,0.04406119399513359
-51.4088290006764,13.729323179957834,482,0.038379360963663976
-51.4088290006764,19.502828563957824,483,0.02173634682180632
-51.4088290006764,25.27633394795784,484,0.01672619322413969
-51.4088290006764,31.049839330957823,485,0.01409958687794513
-51.4088290006764,36.82334471495784,486,0.021354770178478553
-51.4088290006764,42.5968500989578,487,0.06414885208155285
-51.4088290006764,48.37035548295782,488,0.07221423236449455
-51.4088290006764,54.14386086695784,489,0.0030469319147045527
-51.4088290006764,59.91736624995782,490,0.00010408739150547667
-51.4088290006764,65.69087163395784,491,0.020996715383027158
-51.4088290006764,71.4643770179578,492,0.012967924641226482
-51.4088290006764,77.23788240195782,493,0.083308703946182
-51.4088290006764,83.01138778595784,494,0.5398416358399782
-51.4088290006764,88.78489316895785,495,1e-05
-46.408826669676344,-93.08052642024218,496,1e-05
-46.408826669676344,-87.30702103644217,497,1e-05
-46.408826669676344,-81.53351565304219,498,1e-05
-46.408826669676344,-75.76001026904218,499,1e-05
-46.408826669676344,-69.9865048850422,500,1e-05
-46.408826669676344,-64.21299950104218,501,1e-05
-46.408826669676344,-58.43949411704218,502,1e-05
-46.408826669676344,-52.66598873404219,503,0.012573280304634065
-46.408826669676344,-46.89248335004217,504,0.003823152894624735
-46.408826669676344,-41.11897796604218,505,1e-05
-46.408826669676344,-35.34547258204219,506,1e-05
-46.408826669676344,-29.57196719804217,507,1e-05
-46.408826669676344,-23.798461815042188,508,1e-05
-46.408826669676344,-18.02495643104217,509,1e-05
-46.408826669676344,-12.251451047042181,510,0.008846374185556017
-46.408826669676344,-6.477945663042192,511,0.11411709758691976
-46.408826669676344,-0.7044402790421737,512,0.06273754120897071
-46.408826669676344,5.069065103957837,513,0.014326964740750034
-46.408826669676344,10.842570487957826,514,0.029362652611055792
-46.408826669676344,16.616075871957843,515,0.008982278195508371
-46.408826669676344,22.389581255957832,516,1e-05
-46.408826669676344,28.163086638957815,517,0.04954439808898054
-46.408826669676344,33.93659202295783,518,0.020426963956688436
-46.408826669676344,39.71009740695785,519,0.022264281629698162
-46.408826669676344,45.48360279095781,520,0.0435018967234066
-46.408826669676344,51.25710817495783,521,0.015631120528562057
-46.408826669676344,57.030613557957814,522,0.027062738596477474
-46.408826669676344,62.80411894195783,523,0.0007025877430264255
-46.408826669676344,68.57762432595779,524,0.008953529270326143
-46.408826669676344,74.3511297099578,525,0.061091011857624875
-46.408826669676344,80.12463509395782,526,0.14746062372099952
-46.408826669676344,85.89814047695783,527,0.07934396580968735
-46.408826669676344,91.67164586095785,528,1e-05
-41.40882433867629,-95.9672791121422,529,1e-05
-41.40882433867629,-90.1937737283422,530,1e-05
-41.40882433867629,-84.42026834454217,531,1e-05
-41.40882433867629,-78.64676296104217,532,1e-05
-41.40882433867629,-72.87325757704217,533,1e-05
-41.40882433867629,-67.09975219304218,534,1e-05
-41.40882433867629,-61.32624680904219,535,1e-05
-41.40882433867629,-55.55274142604217,536,0.0056970601087754785
-41.40882433867629,-49.77923604204218,537,0.0010946185409659117
-41.40882433867629,-44.00573065804219,538,1e-05
-41.40882433867629,-38.232225274042165,539,1e-05
-41.40882433867629,-32.45871989004218,540,0.0033344211665268424
-41.40882433867629,-26.685214507042197,541,0.019661197131379975
-41.40882433867629,-20.91170912304218,542,0.009159998823907606
-41.40882433867629,-15.13820373904219,543,0.005715354879345988
-41.40882433867629,-9.364698355042172,544,0.06086363399481997
-41.40882433867629,-3.5911929710421826,545,0.00284830297708188
-41.40882433867629,2.182312411957828,546,0.00844911631031067
-41.40882433867629,7.955817795957817,547,0.0008228105210612012
-41.40882433867629,13.729323179957834,548,0.012021823648865854
-41.40882433867629,19.502828563957824,549,0.0016094856555931034
-41.40882433867629,25.27633394795784,550,0.027303184152547025
-41.40882433867629,31.049839330957823,551,0.004139391071629254
-41.40882433867629,36.82334471495784,552,0.0067241807993769324
-41.40882433867629,42.5968500989578,553,0.036116036490226676
-41.40882433867629,48.37035548295782,554,0.011990461185030696
-41.40882433867629,54.14386086695784,555,0.016527564286517017
-41.40882433867629,59.91736624995782,556,0.02179645821082371
-41.40882433867629,65.69087163395784,557,0.007380179001262339
-41.40882433867629,71.4643770179578,558,0.01674710153336313
-41.40882433867629,77.23788240195782,559,0.002328208785148828
-41.40882433867629,83.01138778595784,560,0.04335815209749545
-41.40882433867629,88.78489316895785,561,0.002822167590552581
-36.408822006676345,-98.85403180404218,562,1e-05
-36.408822006676345,-93.08052642024218,563,1e-05
-36.408822006676345,-87.30702103644217,564,0.015016938945123529
-36.408822006676345,-81.53351565304219,565,1e-05
-36.408822006676345,-75.76001026904218,566,0.0070613272856048905
-36.408822006676345,-69.9865048850422,567,1e-05
-36.408822006676345,-64.21299950104218,568,1e-05
-36.408822006676345,-58.43949411704218,569,1e-05
-36.408822006676345,-52.66598873404219,570,0.009005800043384742
-36.408822006676345,-46.89248335004217,571,0.0006477034313148974
-36.408822006676345,-41.11897796604218,572,1e-05
-36.408822006676345,-35.34547258204219,573,1e-05
-36.408822006676345,-29.57196719804217,574,1e-05
-36.408822006676345,-23.798461815042188,575,1e-05
-36.408822006676345,-18.02495643104217,576,1e-05
-36.408822006676345,-12.251451047042181,577,0.002788191588064492
-36.408822006676345,-6.477945663042192,578,1e-05
-36.408822006676345,-0.7044402790421737,579,0.003099202687763151
-36.408822006676345,5.069065103957837,580,0.0037212248871604688
-36.408822006676345,10.842570487957826,581,1e-05
-36.408822006676345,16.616075871957843,582,0.006883606657205657
-36.408822006676345,22.389581255957832,583,0.005997617053862418
-36.408822006676345,28.163086638957815,584,0.018304770570509353
-36.408822006676345,33.93659202295783,585,0.001970153989697431
-36.408822006676345,39.71009740695785,586,0.008104129208123924
-36.408822006676345,45.48360279095781,587,0.010174051821244411
-36.408822006676345,51.25710817495783,588,0.01901565308410629
-36.408822006676345,57.030613557957814,589,0.026202884379663532
-36.408822006676345,62.80411894195783,590,0.005540247789599684
-36.408822006676345,68.57762432595779,591,0.022520408417685295
-36.408822006676345,74.3511297099578,592,0.07095712027243527
-36.408822006676345,80.12463509395782,593,0.049207251602752584
-36.408822006676345,85.89814047695783,594,0.03393111817637727
-31.40881967567641,-95.9672791121422,595,1e-05
-31.40881967567641,-90.1937737283422,596,1e-05
-31.40881967567641,-84.42026834454217,597,1e-05
-31.40881967567641,-78.64676296104217,598,0.0031880630019627677
-31.40881967567641,-72.87325757704217,599,1e-05
-31.40881967567641,-67.09975219304218,600,0.01018450597585613
-31.40881967567641,-61.32624680904219,601,1e-05
-31.40881967567641,-55.55274142604217,602,0.010853571871006187
-31.40881967567641,-49.77923604204218,603,1e-05
-31.40881967567641,-44.00573065804219,604,0.0031567005381276086
-31.40881967567641,-38.232225274042165,605,1e-05
-31.40881967567641,-32.45871989004218,606,1e-05
-31.40881967567641,-26.685214507042197,607,1e-05
-31.40881967567641,-20.91170912304218,608,1e-05
-31.40881967567641,-15.13820373904219,609,0.003940762134006581
-31.40881967567641,-9.364698355042172,610,0.003007728834910604
-31.40881967567641,-3.5911929710421826,611,1e-05
-31.40881967567641,2.182312411957828,612,1e-05
-31.40881967567641,7.955817795957817,613,0.006248516764543689
-31.40881967567641,13.729323179957834,614,0.03377430585720148
-31.40881967567641,19.502828563957824,615,1e-05
-31.40881967567641,25.27633394795784,616,1e-05
-31.40881967567641,31.049839330957823,617,0.005736263188569427
-31.40881967567641,36.82334471495784,618,0.0022288943163374917
-31.40881967567641,42.5968500989578,619,0.020703999053899007
-31.40881967567641,48.37035548295782,620,0.04970121040815634
-31.40881967567641,54.14386086695784,621,0.026775249344655184
-31.40881967567641,59.91736624995782,622,0.03765279721814946
-31.40881967567641,65.69087163395784,623,0.0013899484087469911
-31.40881967567641,71.4643770179578,624,0.03795858124054226
-31.40881967567641,77.23788240195782,625,0.0066692964876654045
-31.40881967567641,83.01138778595784,626,0.010244617364873518
-31.40881967567641,88.78489316895785,627,1e-05
-26.408817344676354,-98.85403180404218,628,1e-05
-26.408817344676354,-93.08052642024218,629,1e-05
-26.408817344676354,-87.30702103644217,630,1e-05
-26.408817344676354,-81.53351565304219,631,1e-05
-26.408817344676354,-75.76001026904218,632,0.001170411161900879
-26.408817344676354,-69.9865048850422,633,1e-05
-26.408817344676354,-64.21299950104218,634,0.005992389976556558
-26.408817344676354,-58.43949411704218,635,0.023902970365085215
-26.408817344676354,-52.66598873404219,636,0.00594011920349796
-26.408817344676354,-46.89248335004217,637,1e-05
-26.408817344676354,-41.11897796604218,638,1e-05
-26.408817344676354,-35.34547258204219,639,1e-05
-26.408817344676354,-29.57196719804217,640,1e-05
-26.408817344676354,-23.798461815042188,641,1e-05
-26.408817344676354,-18.02495643104217,642,0.0019257238325976222
-26.408817344676354,-12.251451047042181,643,0.05938437111726164
-26.408817344676354,-6.477945663042192,644,0.0016695970446104914
-26.408817344676354,-0.7044402790421737,645,1e-05
-26.408817344676354,5.069065103957837,646,0.013380863748389408
-26.408817344676354,10.842570487957826,647,1e-05
-26.408817344676354,16.616075871957843,648,0.0034232814807264593
-26.408817344676354,22.389581255957832,649,1e-05
-26.408817344676354,28.163086638957815,650,1e-05
-26.408817344676354,33.93659202295783,651,0.017946715775057954
-26.408817344676354,39.71009740695785,652,0.004060984912041357
-26.408817344676354,45.48360279095781,653,0.010772552172765359
-26.408817344676354,51.25710817495783,654,0.004920839128855296
-26.408817344676354,57.030613557957814,655,0.04409255645896876
-26.408817344676354,62.80411894195783,656,0.07803719648322238
-26.408817344676354,68.57762432595779,657,0.011569681461908982
-26.408817344676354,74.3511297099578,658,0.025063381526986093
-26.408817344676354,80.12463509395782,659,0.00795515750490692
-26.408817344676354,85.89814047695783,660,0.038936044696738045
-21.4088150136763,-90.1937737283422,661,1e-05
-21.4088150136763,-84.42026834454217,662,1e-05
-21.4088150136763,-78.64676296104217,663,0.007134506367886928
-21.4088150136763,-72.87325757704217,664,0.003663727036796011
-21.4088150136763,-67.09975219304218,665,1e-05
-21.4088150136763,-61.32624680904219,666,1e-05
-21.4088150136763,-55.55274142604217,667,0.0017453896655454586
-21.4088150136763,-49.77923604204218,668,1e-05
-21.4088150136763,-44.00573065804219,669,1e-05
-21.4088150136763,-38.232225274042165,670,1e-05
-21.4088150136763,-32.45871989004218,671,1e-05
-21.4088150136763,-26.685214507042197,672,1e-05
-21.4088150136763,-20.91170912304218,673,0.006303401076255217
-21.4088150136763,-15.13820373904219,674,0.0005771378876857899
-21.4088150136763,-9.364698355042172,675,0.0020015164535325896
-21.4088150136763,-3.5911929710421826,676,0.0011756382392067387
-21.4088150136763,2.182312411957828,677,1e-05
-21.4088150136763,7.955817795957817,678,1e-05
-21.4088150136763,13.729323179957834,679,1e-05
-21.4088150136763,19.502828563957824,680,1e-05
-21.4088150136763,25.27633394795784,681,1e-05
-21.4088150136763,31.049839330957823,682,0.008093675053512203
-21.4088150136763,36.82334471495784,683,0.008091061514859273
-21.4088150136763,42.5968500989578,684,0.020774564597528116
-21.4088150136763,48.37035548295782,685,0.017975464700240185
-21.4088150136763,54.14386086695784,686,0.05464863907815265
-21.4088150136763,59.91736624995782,687,0.05308574296370057
-21.4088150136763,65.69087163395784,688,0.023380262634499233
-21.4088150136763,71.4643770179578,689,0.0062145407620556
-21.4088150136763,77.23788240195782,690,0.009988490576886387
-21.4088150136763,83.01138778595784,691,0.0164387039723174
-16.408812681676356,-87.30702103644217,692,1e-05
-16.408812681676356,-81.53351565304219,693,1e-05
-16.408812681676356,-75.76001026904218,694,1e-05
-16.408812681676356,-69.9865048850422,695,1e-05
-16.408812681676356,-64.21299950104218,696,1e-05
-16.408812681676356,-58.43949411704218,697,1e-05
-16.408812681676356,-52.66598873404219,698,0.06581628974212214
-16.408812681676356,-46.89248335004217,699,0.001311542249159094
-16.408812681676356,-41.11897796604218,700,1e-05
-16.408812681676356,-35.34547258204219,701,1e-05
-16.408812681676356,-29.57196719804217,702,1e-05
-16.408812681676356,-23.798461815042188,703,1e-05
-16.408812681676356,-18.02495643104217,704,0.009708841941022887
-16.408812681676356,-12.251451047042181,705,1e-05
-16.408812681676356,-6.477945663042192,706,1e-05
-16.408812681676356,-0.7044402790421737,707,1e-05
-16.408812681676356,5.069065103957837,708,1e-05
-16.408812681676356,10.842570487957826,709,0.004285749236193328
-16.408812681676356,16.616075871957843,710,0.019287461104010997
-16.408812681676356,22.389581255957832,711,0.0017480032041983886
-16.408812681676356,28.163086638957815,712,1e-05
-16.408812681676356,33.93659202295783,713,0.007427222697015077
-16.408812681676356,39.71009740695785,714,0.019350186031681316
-16.408812681676356,45.48360279095781,715,0.03295888179748735
-16.408812681676356,51.25710817495783,716,0.004416426168839823
-16.408812681676356,57.030613557957814,717,0.02939140153623802
-16.408812681676356,62.80411894195783,718,0.07860172083225525
-16.408812681676356,68.57762432595779,719,0.03460541114883319
-16.408812681676356,74.3511297099578,720,0.006308628153561077
-16.408812681676356,80.12463509395782,721,0.03990044045966918
-16.408812681676356,85.89814047695783,722,0.004027008909553267
-11.408810350676417,-78.64676296104217,723,1e-05
-11.408810350676417,-72.87325757704217,724,1e-05
-11.408810350676417,-67.09975219304218,725,0.0008411052916317106
-11.408810350676417,-61.32624680904219,726,1e-05
-11.408810350676417,-55.55274142604217,727,1e-05
-11.408810350676417,-49.77923604204218,728,0.0018812936754978137
-11.408810350676417,-44.00573065804219,729,0.001170411161900879
-11.408810350676417,-38.232225274042165,730,1e-05
-11.408810350676417,-32.45871989004218,731,1e-05
-11.408810350676417,-26.685214507042197,732,1e-05
-11.408810350676417,-20.91170912304218,733,1e-05
-11.408810350676417,-15.13820373904219,734,1e-05
-11.408810350676417,-9.364698355042172,735,1e-05
-11.408810350676417,-3.5911929710421826,736,0.012037504880783435
-11.408810350676417,2.182312411957828,737,1e-05
-11.408810350676417,7.955817795957817,738,1e-05
-11.408810350676417,13.729323179957834,739,1e-05
-11.408810350676417,19.502828563957824,740,0.004479151096510142
-11.408810350676417,25.27633394795784,741,0.001936177987209342
-11.408810350676417,31.049839330957823,742,0.016185190722983196
-11.408810350676417,36.82334471495784,743,0.016480520590764276
-11.408810350676417,42.5968500989578,744,0.008982278195508371
-11.408810350676417,48.37035548295782,745,0.01985198545304386
-11.408810350676417,54.14386086695784,746,0.009476237000912125
-11.408810350676417,59.91736624995782,747,0.013940161020116406
-11.408810350676417,65.69087163395784,748,0.09812224103098872
-11.408810350676417,71.4643770179578,749,0.007699030716919787
-11.408810350676417,77.23788240195782,750,0.011828421788549042
-11.408810350676417,83.01138778595784,751,0.0067111131061122825
-11.408810350676417,88.78489316895785,752,1e-05
-6.408808019676362,-75.76001026904218,753,1e-05
-6.408808019676362,-69.9865048850422,754,0.00022953724684611224
-6.408808019676362,-64.21299950104218,755,1e-05
-6.408808019676362,-58.43949411704218,756,1e-05
-6.408808019676362,-52.66598873404219,757,1e-05
-6.408808019676362,-46.89248335004217,758,0.0011338216207598603
-6.408808019676362,-41.11897796604218,759,0.005608199794575862
-6.408808019676362,-35.34547258204219,760,1e-05
-6.408808019676362,-29.57196719804217,761,1e-05
-6.408808019676362,-23.798461815042188,762,1e-05
-6.408808019676362,-18.02495643104217,763,1e-05
-6.408808019676362,-12.251451047042181,764,1e-05
-6.408808019676362,-6.477945663042192,765,1e-05
-6.408808019676362,-0.7044402790421737,766,0.005516725941723315
-6.408808019676362,5.069065103957837,767,1e-05
-6.408808019676362,10.842570487957826,768,1e-05
-6.408808019676362,16.616075871957843,769,1e-05
-6.408808019676362,22.389581255957832,770,1e-05
-6.408808019676362,28.163086638957815,771,1e-05
-6.408808019676362,33.93659202295783,772,0.01757297974768898
-6.408808019676362,39.71009740695785,773,0.06729555261968047
-6.408808019676362,45.48360279095781,774,0.007403700849138708
-6.408808019676362,51.25710817495783,775,0.016585062136881473
-6.408808019676362,57.030613557957814,776,0.02713330414010658
-6.408808019676362,62.80411894195783,777,0.026777862883308114
-6.408808019676362,68.57762432595779,778,0.04981620610888525
-6.408808019676362,74.3511297099578,779,0.017912739772569866
-6.408808019676362,80.12463509395782,780,0.007834934726872142
-6.408808019676362,85.89814047695783,781,0.009342946529612699
-6.408808019676362,91.67164586095785,782,1e-05
-1.4088056886763078,-55.55274142604217,783,1e-05
-1.4088056886763078,-49.77923604204218,784,1e-05
-1.4088056886763078,-44.00573065804219,785,1e-05
-1.4088056886763078,-38.232225274042165,786,0.0008332646756729209
-1.4088056886763078,-32.45871989004218,787,1e-05
-1.4088056886763078,-26.685214507042197,788,1e-05
-1.4088056886763078,-20.91170912304218,789,1e-05
-1.4088056886763078,-15.13820373904219,790,1e-05
-1.4088056886763078,-9.364698355042172,791,0.016339389503506063
-1.4088056886763078,-3.5911929710421826,792,0.0029136414434051275
-1.4088056886763078,2.182312411957828,793,0.009267153908677732
-1.4088056886763078,7.955817795957817,794,0.013124736960402276
-1.4088056886763078,13.729323179957834,795,1e-05
-1.4088056886763078,19.502828563957824,796,1e-05
-1.4088056886763078,25.27633394795784,797,0.018012054241381203
-1.4088056886763078,31.049839330957823,798,1e-05
-1.4088056886763078,36.82334471495784,799,0.017175721872443633
-1.4088056886763078,42.5968500989578,800,0.00992315211056314
-1.4088056886763078,48.37035548295782,801,0.03661522237293629
-1.4088056886763078,54.14386086695784,802,0.04236500740938209
-1.4088056886763078,59.91736624995782,803,0.01695095754829166
-1.4088056886763078,65.69087163395784,804,0.051065477584985745
-1.4088056886763078,71.4643770179578,805,0.03952931797095314
-1.4088056886763078,77.23788240195782,806,0.04679756896475121
-1.4088056886763078,83.01138778595784,807,0.016208712570859568
-1.4088056886763078,88.78489316895785,808,0.011065268501893509
-1.4088056886763078,94.55839855295781,809,1e-05
3.5911966433236375,-46.89248335004217,810,1e-05
3.5911966433236375,-41.11897796604218,811,1e-05
3.5911966433236375,-35.34547258204219,812,0.0023125275532312486
3.5911966433236375,-29.57196719804217,813,1e-05
3.5911966433236375,-23.798461815042188,814,1e-05
3.5911966433236375,-18.02495643104217,815,1e-05
3.5911966433236375,-12.251451047042181,816,1e-05
3.5911966433236375,-6.477945663042192,817,1e-05
3.5911966433236375,-0.7044402790421737,818,1e-05
3.5911966433236375,5.069065103957837,819,1e-05
3.5911966433236375,10.842570487957826,820,0.0417978695216963
3.5911966433236375,16.616075871957843,821,0.015246930346581361
3.5911966433236375,22.389581255957832,822,1e-05
3.5911966433236375,28.163086638957815,823,0.27648841347749614
3.5911966433236375,33.93659202295783,824,1e-05
3.5911966433236375,39.71009740695785,825,0.024417837479712406
3.5911966433236375,45.48360279095781,826,0.01329984405014858
3.5911966433236375,51.25710817495783,827,0.0038754236676833333
3.5911966433236375,57.030613557957814,828,0.02576642342462424
3.5911966433236375,62.80411894195783,829,0.06550789218107642
3.5911966433236375,68.57762432595779,830,0.04292430468110908
3.5911966433236375,74.3511297099578,831,0.02459817164676457
3.5911966433236375,80.12463509395782,832,0.06024161179542265
3.5911966433236375,85.89814047695783,833,0.041750825825943555
3.5911966433236375,91.67164586095785,834,0.0019283373712505522
8.591198974323575,-44.00573065804219,835,1e-05
8.591198974323575,-38.232225274042165,836,1e-05
8.591198974323575,-32.45871989004218,837,1e-05
8.591198974323575,-26.685214507042197,838,1e-05
8.591198974323575,-20.91170912304218,839,1e-05
8.591198974323575,-15.13820373904219,840,0.0007705397480026031
8.591198974323575,-9.364698355042172,841,1e-05
8.591198974323575,-3.5911929710421826,842,1e-05
8.591198974323575,2.182312411957828,843,1e-05
8.591198974323575,7.955817795957817,844,1e-05
8.591198974323575,13.729323179957834,845,1e-05
8.591198974323575,19.502828563957824,846,0.052508150921403055
8.591198974323575,25.27633394795784,847,0.035010509640037324
8.591198974323575,31.049839330957823,848,0.047725375186541324
8.591198974323575,36.82334471495784,849,0.031550184463558124
8.591198974323575,42.5968500989578,850,0.01619825841624785
8.591198974323575,48.37035548295782,851,0.008441275694351881
8.591198974323575,54.14386086695784,852,0.026200270841010603
8.591198974323575,59.91736624995782,853,0.050754466485287086
8.591198974323575,65.69087163395784,854,0.015077050334140916
8.591198974323575,71.4643770179578,855,0.08876577265349966
8.591198974323575,77.23788240195782,856,0.07562751384522101
8.591198974323575,83.01138778595784,857,0.013344274207248388
8.591198974323575,88.78489316895785,858,0.000689520049761776
8.591198974323575,100.33190393695783,859,1e-05
13.59120130532363,-58.43949411704218,860,1e-05
13.59120130532363,-52.66598873404219,861,1e-05
13.59120130532363,-35.34547258204219,862,1e-05
13.59120130532363,-29.57196719804217,863,0.0016905053538339306
13.59120130532363,-23.798461815042188,864,1e-05
13.59120130532363,-18.02495643104217,865,1e-05
13.59120130532363,-12.251451047042181,866,1e-05
13.59120130532363,-6.477945663042192,867,1e-05
13.59120130532363,-0.7044402790421737,868,1e-05
13.59120130532363,5.069065103957837,869,0.010519038923431158
13.59120130532363,10.842570487957826,870,0.0055611560988231236
13.59120130532363,16.616075871957843,871,0.004669939418174025
13.59120130532363,22.389581255957832,872,0.025907554511882452
13.59120130532363,28.163086638957815,873,0.03113463181774227
13.59120130532363,33.93659202295783,874,0.02182259359735301
13.59120130532363,39.71009740695785,875,0.03795858124054226
13.59120130532363,45.48360279095781,876,0.03404872741575912
13.59120130532363,51.25710817495783,877,0.026176748993134234
13.59120130532363,57.030613557957814,878,0.025045086756415584
13.59120130532363,62.80411894195783,879,0.03945875242732403
13.59120130532363,68.57762432595779,880,0.14020282688181318
13.59120130532363,74.3511297099578,881,0.0443931134040557
13.59120130532363,80.12463509395782,882,0.019033947854676797
13.59120130532363,85.89814047695783,883,0.006512484168489609
13.59120130532363,97.44515124495781,884,0.0015546013438815754
13.59120130532363,103.21865662895783,885,1e-05
18.591203636323684,-61.32624680904219,886,1e-05
18.591203636323684,-55.55274142604217,887,0.00015635816456407482
18.591203636323684,-49.77923604204218,888,1e-05
18.591203636323684,-44.00573065804219,889,1e-05
18.591203636323684,-38.232225274042165,890,1e-05
18.591203636323684,-32.45871989004218,891,1e-05
18.591203636323684,-26.685214507042197,892,1e-05
18.591203636323684,-20.91170912304218,893,1e-05
18.591203636323684,-15.13820373904219,894,1e-05
18.591203636323684,-9.364698355042172,895,1e-05
18.591203636323684,-3.5911929710421826,896,1e-05
18.591203636323684,2.182312411957828,897,1e-05
18.591203636323684,7.955817795957817,898,1e-05
18.591203636323684,13.729323179957834,899,1e-05
18.591203636323684,19.502828563957824,900,0.017136518792649685
18.591203636323684,25.27633394795784,901,0.0034232814807264593
18.591203636323684,31.049839330957823,902,0.031874263256521436
18.591203636323684,36.82334471495784,903,0.0035121417949260762
18.591203636323684,42.5968500989578,904,0.024715780886146416
18.591203636323684,48.37035548295782,905,0.020277992253471433
18.591203636323684,54.14386086695784,906,0.044717192197019
18.591203636323684,59.91736624995782,907,0.040378718033155354
18.591203636323684,65.69087163395784,908,0.05783715623472714
18.591203636323684,71.4643770179578,909,0.06352944342080848
18.591203636323684,77.23788240195782,910,0.06789143943254848
18.591203636323684,83.01138778595784,911,0.03155279800221106
18.591203636323684,88.78489316895785,912,0.007717325487490297
18.591203636323684,94.55839855295781,913,1e-05
18.591203636323684,100.33190393695783,914,0.01834920072760916
18.591203636323684,106.10540932095785,915,0.004353701241169506
18.591203636323684,111.87891470395779,916,1e-05
23.591205968323628,-64.21299950104218,917,1e-05
23.591205968323628,-58.43949411704218,918,1e-05
23.591205968323628,-52.66598873404219,919,0.00027919448125178053
23.591205968323628,-46.89248335004217,920,1e-05
23.591205968323628,-41.11897796604218,921,1e-05
23.591205968323628,-35.34547258204219,922,1e-05
23.591205968323628,-29.57196719804217,923,0.00025567263337541134
23.591205968323628,-23.798461815042188,924,0.000378508950063117
23.591205968323628,-18.02495643104217,925,1e-05
23.591205968323628,-12.251451047042181,926,1e-05
23.591205968323628,-6.477945663042192,927,1e-05
23.591205968323628,-0.7044402790421737,928,1e-05
23.591205968323628,5.069065103957837,929,1e-05
23.591205968323628,10.842570487957826,930,1e-05
23.591205968323628,16.616075871957843,931,0.0035827073385551835
23.591205968323628,22.389581255957832,932,0.005762398575098726
23.591205968323628,28.163086638957815,933,0.029906268650865212
23.591205968323628,33.93659202295783,934,0.009285448679248241
23.591205968323628,39.71009740695785,935,1e-05
23.591205968323628,45.48360279095781,936,0.1355298197703745
23.591205968323628,51.25710817495783,937,0.011721266703778915
23.591205968323628,57.030613557957814,938,0.14888761582549925
23.591205968323628,62.80411894195783,939,1.00001
23.591205968323628,68.57762432595779,940,1e-05
23.591205968323628,74.3511297099578,941,0.03758484521317328
23.591205968323628,80.12463509395782,942,0.06019718163832284
23.591205968323628,85.89814047695783,943,0.017073793864979366
23.591205968323628,91.67164586095785,944,0.01129787344200427
23.591205968323628,97.44515124495781,945,1e-05
23.591205968323628,103.21865662895783,946,0.005767625652404586
23.591205968323628,108.99216201295785,947,0.001254044398794636
23.591205968323628,114.7656673959578,948,1e-05
28.591208299323682,-72.87325757704217,949,1e-05
28.591208299323682,-67.09975219304218,950,0.0006267951220914582
28.591208299323682,-61.32624680904219,951,0.00026351324933420107
28.591208299323682,-55.55274142604217,952,0.00013806339399356546
28.591208299323682,-49.77923604204218,953,0.0029920476029930247
28.591208299323682,-44.00573065804219,954,1e-05
28.591208299323682,-38.232225274042165,955,1e-05
28.591208299323682,-32.45871989004218,956,1e-05
28.591208299323682,-26.685214507042197,957,0.004092347375876515
28.591208299323682,-20.91170912304218,958,0.0005170264986684021
28.591208299323682,-15.13820373904219,959,0.004683007111438675
28.591208299323682,-9.364698355042172,960,0.0010632560771307528
28.591208299323682,-3.5911929710421826,961,0.0015127847254346968
28.591208299323682,2.182312411957828,962,1e-05
28.591208299323682,7.955817795957817,963,0.008890804342655826
28.591208299323682,13.729323179957834,964,0.006828722345494129
28.591208299323682,19.502828563957824,965,0.005553315482864333
28.591208299323682,25.27633394795784,966,0.024451813482200494
28.591208299323682,31.049839330957823,967,0.010918910337329434
28.591208299323682,36.82334471495784,968,0.03742541935534456
28.591208299323682,42.5968500989578,969,0.010877093718882555
28.591208299323682,48.37035548295782,970,0.011222080821069303
28.591208299323682,54.14386086695784,971,0.11554147615276655
28.591208299323682,59.91736624995782,972,0.0956027897695643
28.591208299323682,65.69087163395784,973,0.09044366446868066
28.591208299323682,71.4643770179578,974,0.2058575313820654
28.591208299323682,77.23788240195782,975,0.03178801648097475
28.591208299323682,83.01138778595784,976,0.01749457358810108
28.591208299323682,88.78489316895785,977,0.005900916123704011
28.591208299323682,94.55839855295781,978,1e-05
28.591208299323682,100.33190393695783,979,0.1362459293612773
28.591208299323682,106.10540932095785,980,0.0022524161642138605
28.591208299323682,111.87891470395779,981,0.0007653126706967433
33.59121063032362,-75.76001026904218,982,1e-05
33.59121063032362,-69.9865048850422,983,0.0029606851391578656
33.59121063032362,-64.21299950104218,984,0.0001459040099523552
33.59121063032362,-58.43949411704218,985,1e-05
33.59121063032362,-52.66598873404219,986,1e-05
33.59121063032362,-46.89248335004217,987,1e-05
33.59121063032362,-41.11897796604218,988,0.0014108567179704305
33.59121063032362,-35.34547258204219,989,1e-05
33.59121063032362,-29.57196719804217,990,1e-05
33.59121063032362,-23.798461815042188,991,1e-05
33.59121063032362,-18.02495643104217,992,1e-05
33.59121063032362,-12.251451047042181,993,1e-05
33.59121063032362,-6.477945663042192,994,1e-05
33.59121063032362,-0.7044402790421737,995,1e-05
33.59121063032362,5.069065103957837,996,0.009648730552005498
33.59121063032362,10.842570487957826,997,0.04651007971292892
33.59121063032362,16.616075871957843,998,0.00024260494011076178
33.59121063032362,22.389581255957832,999,1e-05
33.59121063032362,28.163086638957815,1000,0.038089258173188756
33.59121063032362,33.93659202295783,1001,0.010981635264999751
33.59121063032362,39.71009740695785,1002,1e-05
33.59121063032362,45.48360279095781,1003,0.041238572249969296
33.59121063032362,51.25710817495783,1004,0.09840711674415809
33.59121063032362,57.030613557957814,1005,1e-05
33.59121063032362,62.80411894195783,1006,0.013903571478975389
33.59121063032362,68.57762432595779,1007,0.06089499645865513
33.59121063032362,74.3511297099578,1008,0.019428592191269214
33.59121063032362,80.12463509395782,1009,0.024106826380013748
33.59121063032362,85.89814047695783,1010,0.019603699281015515
33.59121063032362,91.67164586095785,1011,0.01870464198440763
33.59121063032362,97.44515124495781,1012,0.010712440783747971
33.59121063032362,103.21865662895783,1013,0.003459871021867478
33.59121063032362,108.99216201295785,1014,0.016514496593252367
38.59121296132368,-78.64676296104217,1015,1e-05
38.59121296132368,-72.87325757704217,1016,0.006076023213450315
38.59121296132368,-67.09975219304218,1017,0.007523923627173484
38.59121296132368,-61.32624680904219,1018,0.01042495153192568
38.59121296132368,-55.55274142604217,1019,1e-05
38.59121296132368,-49.77923604204218,1020,1e-05
38.59121296132368,-44.00573065804219,1021,1e-05
38.59121296132368,-38.232225274042165,1022,1e-05
38.59121296132368,-32.45871989004218,1023,1e-05
38.59121296132368,-26.685214507042197,1024,1e-05
38.59121296132368,-20.91170912304218,1025,1e-05
38.59121296132368,-15.13820373904219,1026,0.0034180544034205997
38.59121296132368,-9.364698355042172,1027,1e-05
38.59121296132368,-3.5911929710421826,1028,1e-05
38.59121296132368,2.182312411957828,1029,1e-05
38.59121296132368,7.955817795957817,1030,0.002210599545766982
38.59121296132368,13.729323179957834,1031,1e-05
38.59121296132368,19.502828563957824,1032,0.0020616278425499776
38.59121296132368,25.27633394795784,1033,1e-05
38.59121296132368,31.049839330957823,1034,0.0015546013438815754
38.59121296132368,36.82334471495784,1035,0.0386433283676099
38.59121296132368,42.5968500989578,1036,0.03150575430645832
38.59121296132368,48.37035548295782,1037,0.07767391461046513
38.59121296132368,54.14386086695784,1038,0.020785018752139835
38.59121296132368,59.91736624995782,1039,0.12217202371524974
38.59121296132368,65.69087163395784,1040,0.01635507073542364
38.59121296132368,71.4643770179578,1041,0.05165875085920084
38.59121296132368,77.23788240195782,1042,0.2779572222004428
38.59121296132368,83.01138778595784,1043,0.022525635494991154
38.59121296132368,88.78489316895785,1044,0.004837205891961539
38.59121296132368,94.55839855295781,1045,0.006666682949012474
38.59121296132368,100.33190393695783,1046,0.016768009842586567
38.59121296132368,106.10540932095785,1047,1e-05
43.591215293323735,-87.30702103644217,1048,0.0023229817078429683
43.591215293323735,-75.76001026904218,1049,1e-05
43.591215293323735,-69.9865048850422,1050,0.08060107790174663
43.591215293323735,-64.21299950104218,1051,1e-05
43.591215293323735,-58.43949411704218,1052,1e-05
43.591215293323735,-52.66598873404219,1053,0.008059699051024116
43.591215293323735,-46.89248335004217,1054,0.0002478320174166216
43.591215293323735,-41.11897796604218,1055,1e-05
43.591215293323735,-35.34547258204219,1056,0.008446502771657741
43.591215293323735,-29.57196719804217,1057,1e-05
43.591215293323735,-23.798461815042188,1058,1e-05
43.591215293323735,-18.02495643104217,1059,1e-05
43.591215293323735,-12.251451047042181,1060,1e-05
43.591215293323735,-6.477945663042192,1061,1e-05
43.591215293323735,-0.7044402790421737,1062,0.005438319782135418
43.591215293323735,5.069065103957837,1063,1e-05
43.591215293323735,10.842570487957826,1064,0.0018290229024392156
43.591215293323735,16.616075871957843,1065,1e-05
43.591215293323735,22.389581255957832,1066,0.008977051118202512
43.591215293323735,28.163086638957815,1067,0.008297531068440736
43.591215293323735,33.93659202295783,1068,1e-05
43.591215293323735,39.71009740695785,1069,1e-05
43.591215293323735,45.48360279095781,1070,0.017356056039495797
43.591215293323735,51.25710817495783,1071,0.10906512737080624
43.591215293323735,57.030613557957814,1072,0.02825451222221351
43.591215293323735,62.80411894195783,1073,0.10531469940385184
43.591215293323735,68.57762432595779,1074,0.013741532082493735
43.591215293323735,74.3511297099578,1075,0.016556313211699245
43.591215293323735,80.12463509395782,1076,0.02515224184118571
43.591215293323735,85.89814047695783,1077,0.01355335729948278
43.591215293323735,91.67164586095785,1078,0.0030573860693162724
43.591215293323735,97.44515124495781,1079,0.0079185679637659
43.591215293323735,103.21865662895783,1080,0.0043458606252107165
48.591217624323676,-90.1937737283422,1081,0.015401129127104226
48.591217624323676,-84.42026834454217,1082,0.005490590555194016
48.591217624323676,-78.64676296104217,1083,1e-05
48.591217624323676,-72.87325757704217,1084,0.013315525282066159
48.591217624323676,-67.09975219304218,1085,0.0388445708438855
48.591217624323676,-61.32624680904219,1086,0.004769253886985361
48.591217624323676,-55.55274142604217,1087,1e-05
48.591217624323676,-49.77923604204218,1088,1e-05
48.591217624323676,-44.00573065804219,1089,0.00228116508939609
48.591217624323676,-38.232225274042165,1090,1e-05
48.591217624323676,-32.45871989004218,1091,1e-05
48.591217624323676,-26.685214507042197,1092,1e-05
48.591217624323676,-20.91170912304218,1093,1e-05
48.591217624323676,-15.13820373904219,1094,0.0009926905335016453
48.591217624323676,-9.364698355042172,1095,0.0052919616175713426
48.591217624323676,-3.5911929710421826,1096,1e-05
48.591217624323676,2.182312411957828,1097,1e-05
48.591217624323676,7.955817795957817,1098,1e-05
48.591217624323676,13.729323179957834,1099,1e-05
48.591217624323676,19.502828563957824,1100,1e-05
48.591217624323676,25.27633394795784,1101,1e-05
48.591217624323676,31.049839330957823,1102,1e-05
48.591217624323676,36.82334471495784,1103,0.002613084498318188
48.591217624323676,42.5968500989578,1104,0.01329461697284272
48.591217624323676,48.37035548295782,1105,0.021851342522535237
48.591217624323676,54.14386086695784,1106,0.0499076799617378
48.591217624323676,59.91736624995782,1107,0.012868610172415145
48.591217624323676,65.69087163395784,1108,0.01246089814255808
48.591217624323676,71.4643770179578,1109,0.01156184084595019
48.591217624323676,77.23788240195782,1110,0.03490074101661427
48.591217624323676,83.01138778595784,1111,0.013234505583825332
48.591217624323676,88.78489316895785,1112,0.07106688889585833
48.591217624323676,94.55839855295781,1113,0.014671951842936782
48.591217624323676,100.33190393695783,1114,1e-05
53.591219955323616,-104.6275371878422,1115,1e-05
53.591219955323616,-98.85403180404218,1116,1e-05
53.591219955323616,-93.08052642024218,1117,0.0029606851391578656
53.591219955323616,-87.30702103644217,1118,0.03175926755579252
53.591219955323616,-81.53351565304219,1119,0.026924221047872187
53.591219955323616,-75.76001026904218,1120,0.01555271436897416
53.591219955323616,-69.9865048850422,1121,1e-05
53.591219955323616,-64.21299950104218,1122,1e-05
53.591219955323616,-58.43949411704218,1123,1e-05
53.591219955323616,-52.66598873404219,1124,1e-05
53.591219955323616,-46.89248335004217,1125,0.0028012592813291414
53.591219955323616,-41.11897796604218,1126,0.00021124247627560288
53.591219955323616,-35.34547258204219,1127,0.009408284995935948
53.591219955323616,-29.57196719804217,1128,1e-05
53.591219955323616,-23.798461815042188,1129,1e-05
53.591219955323616,-18.02495643104217,1130,1e-05
53.591219955323616,-12.251451047042181,1131,1e-05
53.591219955323616,-6.477945663042192,1132,0.0031305651515983095
53.591219955323616,-0.7044402790421737,1133,1e-05
53.591219955323616,5.069065103957837,1134,1e-05
53.591219955323616,10.842570487957826,1135,1e-05
53.591219955323616,16.616075871957843,1136,1e-05
53.591219955323616,22.389581255957832,1137,1e-05
53.591219955323616,28.163086638957815,1138,1e-05
53.591219955323616,33.93659202295783,1139,0.0005091858827096123
53.591219955323616,39.71009740695785,1140,1e-05
53.591219955323616,45.48360279095781,1141,0.04414221369337442
53.591219955323616,51.25710817495783,1142,0.033005925493240086
53.591219955323616,57.030613557957814,1143,0.024274092853801263
53.591219955323616,62.80411894195783,1144,0.006245903225890759
53.591219955323616,68.57762432595779,1145,0.0067999734203119
53.591219955323616,74.3511297099578,1146,0.018273408106674195
53.591219955323616,80.12463509395782,1147,0.021605669889159827
53.591219955323616,85.89814047695783,1148,0.010670624165301092
53.591219955323616,91.67164586095785,1149,0.007646759943861189
53.591219955323616,97.44515124495781,1150,0.009575551469723461
58.59122228632367,-101.74078449594218,1151,0.057664662683633766
58.59122228632367,-95.9672791121422,1152,0.011744788551655285
58.59122228632367,-90.1937737283422,1153,0.008598088013527676
58.59122228632367,-84.42026834454217,1154,0.20768962197776925
58.59122228632367,-78.64676296104217,1155,0.02545018524761972
58.59122228632367,-72.87325757704217,1156,0.007126665751928138
58.59122228632367,-67.09975219304218,1157,0.037678932604678764
58.59122228632367,-61.32624680904219,1158,1e-05
58.59122228632367,-55.55274142604217,1159,0.0021269663088732253
58.59122228632367,-49.77923604204218,1160,0.02009243100911341
58.59122228632367,-44.00573065804219,1161,1e-05
58.59122228632367,-38.232225274042165,1162,1e-05
58.59122228632367,-32.45871989004218,1163,1e-05
58.59122228632367,-26.685214507042197,1164,1e-05
58.59122228632367,-20.91170912304218,1165,1e-05
58.59122228632367,-15.13820373904219,1166,1e-05
58.59122228632367,-9.364698355042172,1167,1e-05
58.59122228632367,-3.5911929710421826,1168,0.0030756808398867816
58.59122228632367,2.182312411957828,1169,1e-05
58.59122228632367,7.955817795957817,1170,1e-05
58.59122228632367,13.729323179957834,1171,1e-05
58.59122228632367,19.502828563957824,1172,1e-05
58.59122228632367,25.27633394795784,1173,1e-05
58.59122228632367,31.049839330957823,1174,1e-05
58.59122228632367,36.82334471495784,1175,1e-05
58.59122228632367,42.5968500989578,1176,0.054596368305094053
58.59122228632367,48.37035548295782,1177,0.04858000232604941
58.59122228632367,54.14386086695784,1178,1e-05
58.59122228632367,59.91736624995782,1179,1e-05
58.59122228632367,65.69087163395784,1180,1e-05
58.59122228632367,71.4643770179578,1181,1e-05
58.59122228632367,77.23788240195782,1182,0.03639045804878432
58.59122228632367,83.01138778595784,1183,0.013697101925393926
58.59122228632367,88.78489316895785,1184,0.01577747869312613
58.59122228632367,94.55839855295781,1185,0.0049678828246080345
58.59122228632367,100.33190393695783,1186,0.002244575548255071
63.59122461832373,-104.6275371878422,1187,0.050098468283401684
63.59122461832373,-98.85403180404218,1188,0.005307642849488922
63.59122461832373,-93.08052642024218,1189,1e-05
63.59122461832373,-87.30702103644217,1190,1e-05
63.59122461832373,-81.53351565304219,1191,1e-05
63.59122461832373,-75.76001026904218,1192,1e-05
63.59122461832373,-69.9865048850422,1193,0.008822852337679647
63.59122461832373,-64.21299950104218,1194,0.04906089343818851
63.59122461832373,-58.43949411704218,1195,0.0035199824108848657
63.59122461832373,-52.66598873404219,1196,1e-05
63.59122461832373,-46.89248335004217,1197,1e-05
63.59122461832373,-41.11897796604218,1198,1e-05
63.59122461832373,-35.34547258204219,1199,1e-05
63.59122461832373,-29.57196719804217,1200,1e-05
63.59122461832373,-23.798461815042188,1201,1e-05
63.59122461832373,-18.02495643104217,1202,1e-05
63.59122461832373,-12.251451047042181,1203,1e-05
63.59122461832373,-6.477945663042192,1204,1e-05
63.59122461832373,-0.7044402790421737,1205,0.003229879620409646
63.59122461832373,5.069065103957837,1206,1e-05
63.59122461832373,10.842570487957826,1207,1e-05
63.59122461832373,16.616075871957843,1208,1e-05
63.59122461832373,22.389581255957832,1209,0.02455896856697062
63.59122461832373,28.163086638957815,1210,0.032140844199120285
63.59122461832373,33.93659202295783,1211,1e-05
63.59122461832373,39.71009740695785,1212,0.013819938242081631
63.59122461832373,45.48360279095781,1213,1e-05
63.59122461832373,51.25710817495783,1214,1e-05
63.59122461832373,57.030613557957814,1215,0.021955884068652433
63.59122461832373,62.80411894195783,1216,0.02429761470167763
63.59122461832373,68.57762432595779,1217,0.03619966972712043
63.59122461832373,74.3511297099578,1218,0.0739574626459988
63.59122461832373,80.12463509395782,1219,0.0029162549820580573
63.59122461832373,85.89814047695783,1220,0.009308970527124611
63.59122461832373,91.67164586095785,1221,0.007171095909027946
63.59122461832373,97.44515124495781,1222,0.014248558581162135
68.59122694932367,-101.74078449594218,1223,1e-05
68.59122694932367,-78.64676296104217,1224,1e-05
68.59122694932367,-72.87325757704217,1225,1e-05
68.59122694932367,-67.09975219304218,1226,0.01243476275602878
68.59122694932367,-61.32624680904219,1227,0.012068867344618593
68.59122694932367,-55.55274142604217,1228,0.00025044555606955153
68.59122694932367,-49.77923604204218,1229,1e-05
68.59122694932367,-44.00573065804219,1230,0.00039419018198069645
68.59122694932367,-38.232225274042165,1231,1e-05
68.59122694932367,-32.45871989004218,1232,1e-05
68.59122694932367,-26.685214507042197,1233,1e-05
68.59122694932367,-20.91170912304218,1234,1e-05
68.59122694932367,-15.13820373904219,1235,0.005307642849488922
68.59122694932367,-9.364698355042172,1236,1e-05
68.59122694932367,-3.5911929710421826,1237,0.0030234100668281834
68.59122694932367,2.182312411957828,1238,0.0005353212692389115
68.59122694932367,7.955817795957817,1239,1e-05
68.59122694932367,13.729323179957834,1240,1e-05
68.59122694932367,19.502828563957824,1241,1e-05
68.59122694932367,25.27633394795784,1242,1e-05
68.59122694932367,31.049839330957823,1243,1e-05
68.59122694932367,36.82334471495784,1244,1e-05
68.59122694932367,42.5968500989578,1245,0.004539262485527529
68.59122694932367,48.37035548295782,1246,1e-05
68.59122694932367,54.14386086695784,1247,0.012850315401844635
68.59122694932367,59.91736624995782,1248,1e-05
68.59122694932367,65.69087163395784,1249,0.0033605565530561415
68.59122694932367,71.4643770179578,1250,0.049196797448140865
68.59122694932367,77.23788240195782,1251,0.023395943866416812
68.59122694932367,83.01138778595784,1252,0.04027940356434402
68.59122694932367,88.78489316895785,1253,0.008509227699328058
68.59122694932367,94.55839855295781,1254,0.0727865973294862
68.59122694932367,100.33190393695783,1255,0.0008567865235492901
73.59122928032372,-69.9865048850422,1256,1e-05
73.59122928032372,-64.21299950104218,1257,1e-05
73.59122928032372,-58.43949411704218,1258,0.004162912919505623
73.59122928032372,-52.66598873404219,1259,0.0019989029148796598
73.59122928032372,-46.89248335004217,1260,1e-05
73.59122928032372,-41.11897796604218,1261,1e-05
73.59122928032372,-35.34547258204219,1262,1e-05
73.59122928032372,-29.57196719804217,1263,1e-05
73.59122928032372,-23.798461815042188,1264,1e-05
73.59122928032372,-18.02495643104217,1265,1e-05
73.59122928032372,-12.251451047042181,1266,1e-05
73.59122928032372,-6.477945663042192,1267,0.0008384917529787807
73.59122928032372,-0.7044402790421737,1268,0.011674223008026178
73.59122928032372,5.069065103957837,1269,1e-05
73.59122928032372,10.842570487957826,1270,1e-05
73.59122928032372,16.616075871957843,1271,1e-05
73.59122928032372,22.389581255957832,1272,1e-05
73.59122928032372,28.163086638957815,1273,1e-05
73.59122928032372,33.93659202295783,1274,1e-05
73.59122928032372,39.71009740695785,1275,0.014326964740750034
73.59122928032372,45.48360279095781,1276,1e-05
73.59122928032372,51.25710817495783,1277,0.009199201903701555
73.59122928032372,57.030613557957814,1278,0.0023674118649427765
73.59122928032372,62.80411894195783,1279,0.011661155314761527
73.59122928032372,68.57762432595779,1280,0.03707520517585195
73.59122928032372,74.3511297099578,1281,0.011723880242431846
73.59122928032372,80.12463509395782,1282,0.025865737893435575
73.59122928032372,85.89814047695783,1283,0.0222851899389216
73.59122928032372,91.67164586095785,1284,0.004304044006763838
73.59122928032372,97.44515124495781,1285,0.013900957940322459
78.59123161132366,-61.32624680904219,1286,1e-05
78.59123161132366,-55.55274142604217,1287,1e-05
78.59123161132366,-49.77923604204218,1288,1e-05
78.59123161132366,-44.00573065804219,1289,0.004351087702516576
78.59123161132366,-38.232225274042165,1290,1e-05
78.59123161132366,-32.45871989004218,1291,1e-05
78.59123161132366,-26.685214507042197,1292,0.00040987141389827586
78.59123161132366,-20.91170912304218,1293,1e-05
78.59123161132366,-15.13820373904219,1294,1e-05
78.59123161132366,-9.364698355042172,1295,1e-05
78.59123161132366,-3.5911929710421826,1296,1e-05
78.59123161132366,2.182312411957828,1297,0.008935234499755635
78.59123161132366,7.955817795957817,1298,1e-05
78.59123161132366,13.729323179957834,1299,1e-05
78.59123161132366,19.502828563957824,1300,1e-05
78.59123161132366,25.27633394795784,1301,1e-05
78.59123161132366,31.049839330957823,1302,1e-05
78.59123161132366,36.82334471495784,1303,0.0071972312955572455
78.59123161132366,42.5968500989578,1304,1e-05
78.59123161132366,48.37035548295782,1305,1e-05
78.59123161132366,54.14386086695784,1306,1e-05
78.59123161132366,59.91736624995782,1307,0.005772852729710446
78.59123161132366,65.69087163395784,1308,0.048671476178901954
78.59123161132366,71.4643770179578,1309,0.0510524098917211
78.59123161132366,77.23788240195782,1310,0.014039475488927743
78.59123161132366,83.01138778595784,1311,0.03951886381634141
78.59123161132366,88.78489316895785,1312,0.008726151407521242
78.59123161132366,94.55839855295781,1313,0.0055899050240053524
83.59123394332372,-52.66598873404219,1314,1e-05
83.59123394332372,-46.89248335004217,1315,1e-05
83.59123394332372,-41.11897796604218,1316,1e-05
83.59123394332372,-29.57196719804217,1317,1e-05
83.59123394332372,-23.798461815042188,1318,0.001003144688113365
83.59123394332372,-18.02495643104217,1319,1e-05
83.59123394332372,-12.251451047042181,1320,1e-05
83.59123394332372,-6.477945663042192,1321,0.0023491170943722673
83.59123394332372,-0.7044402790421737,1322,1e-05
83.59123394332372,5.069065103957837,1323,0.006995988819281642
83.59123394332372,10.842570487957826,1324,1e-05
83.59123394332372,16.616075871957843,1325,1e-05
83.59123394332372,22.389581255957832,1326,1e-05
83.59123394332372,28.163086638957815,1327,1e-05
83.59123394332372,33.93659202295783,1328,0.012560212611369416
83.59123394332372,39.71009740695785,1329,1e-05
83.59123394332372,45.48360279095781,1330,0.006938490968917185
83.59123394332372,51.25710817495783,1331,1e-05
83.59123394332372,57.030613557957814,1332,1e-05
83.59123394332372,62.80411894195783,1333,0.006055114904226876
83.59123394332372,68.57762432595779,1334,0.0036454322662255014
83.59123394332372,74.3511297099578,1335,0.021603056350506897
83.59123394332372,80.12463509395782,1336,0.006342604156049166
83.59123394332372,85.89814047695783,1337,0.008579793242957167
83.59123394332372,91.67164586095785,1338,0.007361884230691829
88.59123627432366,-32.45871989004218,1339,1e-05
88.59123627432366,-26.685214507042197,1340,1e-05
88.59123627432366,-20.91170912304218,1341,0.00047259634156859365
88.59123627432366,-15.13820373904219,1342,0.0001459040099523552
88.59123627432366,-9.364698355042172,1343,0.0012906339399356547
88.59123627432366,-3.5911929710421826,1344,1e-05
88.59123627432366,2.182312411957828,1345,0.011956485182542607
88.59123627432366,7.955817795957817,1346,0.00650203001387789
88.59123627432366,13.729323179957834,1347,1e-05
88.59123627432366,19.502828563957824,1348,1e-05
88.59123627432366,25.27633394795784,1349,0.012037504880783435
88.59123627432366,31.049839330957823,1350,0.02212053700378702
88.59123627432366,36.82334471495784,1351,1e-05
88.59123627432366,42.5968500989578,1352,1e-05
88.59123627432366,48.37035548295782,1353,1e-05
88.59123627432366,54.14386086695784,1354,1e-05
88.59123627432366,59.91736624995782,1355,0.014739903847912959
88.59123627432366,65.69087163395784,1356,0.023084932766718153
88.59123627432366,71.4643770179578,1357,0.1903200440903971
88.59123627432366,77.23788240195782,1358,0.03625716757748489
88.59123627432366,83.01138778595784,1359,0.05607824472130531
88.59123627432366,88.78489316895785,1360,0.02744692877845817
93.59123860532371,-46.89248335004217,1361,1e-05
93.59123860532371,-41.11897796604218,1362,1e-05
93.59123860532371,-35.34547258204219,1363,1e-05
93.59123860532371,-29.57196719804217,1364,1e-05
93.59123860532371,-23.798461815042188,1365,0.00018249355109337389
93.59123860532371,-18.02495643104217,1366,0.0034389627126440387
93.59123860532371,-12.251451047042181,1367,0.0002765809425988506
93.59123860532371,-6.477945663042192,1368,0.023748771584562352
93.59123860532371,-0.7044402790421737,1369,0.0007914480572260424
93.59123860532371,5.069065103957837,1370,0.020479234729747036
93.59123860532371,10.842570487957826,1371,1e-05
93.59123860532371,16.616075871957843,1372,1e-05
93.59123860532371,22.389581255957832,1373,1e-05
93.59123860532371,28.163086638957815,1374,0.015516124827833142
93.59123860532371,33.93659202295783,1375,0.013550743760829851
93.59123860532371,39.71009740695785,1376,0.012471352297169799
93.59123860532371,45.48360279095781,1377,0.05829452549898987
93.59123860532371,51.25710817495783,1378,1e-05
93.59123860532371,57.030613557957814,1379,0.014810469391542066
93.59123860532371,62.80411894195783,1380,0.0079185679637659
93.59123860532371,68.57762432595779,1381,0.017416167428513183
93.59123860532371,74.3511297099578,1382,0.015487375902650912
93.59123860532371,80.12463509395782,1383,0.05964049790524877
93.59123860532371,85.89814047695783,1384,1e-05
98.59124093632377,-49.77923604204218,1385,0.003987805829759319
98.59124093632377,-44.00573065804219,1386,1e-05
98.59124093632377,-38.232225274042165,1387,1e-05
98.59124093632377,-32.45871989004218,1388,1e-05
98.59124093632377,-26.685214507042197,1389,1e-05
98.59124093632377,-20.91170912304218,1390,1e-05
98.59124093632377,-15.13820373904219,1391,1e-05
98.59124093632377,-9.364698355042172,1392,0.00019033416705216362
98.59124093632377,-3.5911929710421826,1393,1e-05
98.59124093632377,2.182312411957828,1394,0.0052109419193305155
98.59124093632377,7.955817795957817,1395,0.0952970057471715
98.59124093632377,13.729323179957834,1396,0.002670582348682646
98.59124093632377,19.502828563957824,1397,0.029177091366697768
98.59124093632377,25.27633394795784,1398,0.03023818805978731
98.59124093632377,31.049839330957823,1399,1e-05
98.59124093632377,36.82334471495784,1400,1e-05
98.59124093632377,42.5968500989578,1401,1e-05
98.59124093632377,48.37035548295782,1402,1e-05
98.59124093632377,54.14386086695784,1403,0.01359778745658259
98.59124093632377,59.91736624995782,1404,0.028348599613718987
98.59124093632377,65.69087163395784,1405,0.03303467441842232
98.59124093632377,71.4643770179578,1406,0.017408326812554394
98.59124093632377,77.23788240195782,1407,0.026508668402056332
98.59124093632377,83.01138778595784,1408,1e-05
103.59124326832371,-52.66598873404219,1409,1e-05
103.59124326832371,-46.89248335004217,1410,1e-05
103.59124326832371,-41.11897796604218,1411,1e-05
103.59124326832371,-35.34547258204219,1412,1e-05
103.59124326832371,-29.57196719804217,1413,1e-05
103.59124326832371,-23.798461815042188,1414,0.0007966751345319022
103.59124326832371,-18.02495643104217,1415,0.003781336276177857
103.59124326832371,-12.251451047042181,1416,0.0013611994835647622
103.59124326832371,-6.477945663042192,1417,0.007058713746951961
103.59124326832371,-0.7044402790421737,1418,1e-05
103.59124326832371,5.069065103957837,1419,0.0021269663088732253
103.59124326832371,10.842570487957826,1420,1e-05
103.59124326832371,16.616075871957843,1421,0.01696925231886217
103.59124326832371,22.389581255957832,1422,0.006036820133656366
103.59124326832371,28.163086638957815,1423,1e-05
103.59124326832371,33.93659202295783,1424,1e-05
103.59124326832371,62.80411894195783,1425,1e-05
103.59124326832371,68.57762432595779,1426,0.028646543020152997
103.59124326832371,74.3511297099578,1427,0.047785486575558714
103.59124326832371,80.12463509395782,1428,1e-05
108.59124559932366,-55.55274142604217,1429,1e-05
108.59124559932366,-49.77923604204218,1430,1e-05
108.59124559932366,-44.00573065804219,1431,1e-05
108.59124559932366,-38.232225274042165,1432,1e-05
108.59124559932366,-32.45871989004218,1433,0.0005536160398094208
108.59124559932366,-26.685214507042197,1434,7.79520049761776e-05
108.59124559932366,-20.91170912304218,1435,0.0007966751345319022
108.59124559932366,-15.13820373904219,1436,1e-05
108.59124559932366,-9.364698355042172,1437,0.000632022199397318
108.59124559932366,-3.5911929710421826,1438,1e-05
108.59124559932366,2.182312411957828,1439,1e-05
108.59124559932366,7.955817795957817,1440,1e-05
108.59124559932366,13.729323179957834,1441,1e-05
108.59124559932366,19.502828563957824,1442,0.0005536160398094208
108.59124559932366,25.27633394795784,1443,0.008773195103273979
108.59124559932366,31.049839330957823,1444,1e-05
108.59124559932366,71.4643770179578,1445,0.024146029459807695
108.59124559932366,77.23788240195782,1446,1e-05
113.5912479303237,-52.66598873404219,1447,1e-05
113.5912479303237,-46.89248335004217,1448,1e-05
113.5912479303237,-41.11897796604218,1449,1e-05
113.5912479303237,-35.34547258204219,1450,1e-05
113.5912479303237,-29.57196719804217,1451,1e-05
113.5912479303237,-23.798461815042188,1452,1e-05
113.5912479303237,-18.02495643104217,1453,1e-05
113.5912479303237,-12.251451047042181,1454,0.0011495028526774397
113.5912479303237,-6.477945663042192,1455,1e-05
113.5912479303237,-0.7044402790421737,1456,0.008274009220564368
113.5912479303237,5.069065103957837,1457,1e-05
113.5912479303237,10.842570487957826,1458,1e-05
113.5912479303237,16.616075871957843,1459,0.004549716640139249
113.5912479303237,22.389581255957832,1460,0.0068182681908824086
113.5912479303237,28.163086638957815,1461,1e-05
118.59125026132376,-49.77923604204218,1462,1e-05
118.59125026132376,-44.00573065804219,1463,1e-05
118.59125026132376,-38.232225274042165,1464,0.001959699835085711
118.59125026132376,-32.45871989004218,1465,1e-05
118.59125026132376,-26.685214507042197,1466,1e-05
118.59125026132376,-20.91170912304218,1467,1e-05
118.59125026132376,-15.13820373904219,1468,0.0013193828651178838
118.59125026132376,-9.364698355042172,1469,1e-05
118.59125026132376,-3.5911929710421826,1470,1e-05
118.59125026132376,2.182312411957828,1471,1e-05
118.59125026132376,7.955817795957817,1472,1e-05
118.59125026132376,13.729323179957834,1473,0.00594795981945675
118.59125026132376,19.502828563957824,1474,1e-05
118.59125026132376,25.27633394795784,1475,1e-05
118.59125026132376,31.049839330957823,1476,1e-05
123.5912525933237,-46.89248335004217,1477,1e-05
123.5912525933237,-41.11897796604218,1478,1e-05
123.5912525933237,-35.34547258204219,1479,0.0028430758997760198
123.5912525933237,-29.57196719804217,1480,0.017110383406120384
123.5912525933237,-23.798461815042188,1481,0.0034415762512969685
123.5912525933237,-18.02495643104217,1482,1e-05
123.5912525933237,-12.251451047042181,1483,1e-05
123.5912525933237,-6.477945663042192,1484,1e-05
123.5912525933237,-0.7044402790421737,1485,1e-05
123.5912525933237,5.069065103957837,1486,0.02881119595528758
123.5912525933237,10.842570487957826,1487,0.009842132412322312
123.5912525933237,16.616075871957843,1488,1e-05
123.5912525933237,22.389581255957832,1489,0.0008672406781610097
123.5912525933237,28.163086638957815,1490,1e-05
128.59125492432364,-44.00573065804219,1491,1e-05
128.59125492432364,-38.232225274042165,1492,1e-05
128.59125492432364,-32.45871989004218,1493,0.005634335181105161
128.59125492432364,-26.685214507042197,1494,0.009392603764018367
128.59125492432364,-20.91170912304218,1495,0.0019283373712505522
128.59125492432364,-15.13820373904219,1496,1e-05
128.59125492432364,-9.364698355042172,1497,1e-05
128.59125492432364,-3.5911929710421826,1498,1e-05
128.59125492432364,2.182312411957828,1499,1e-05
128.59125492432364,7.955817795957817,1500,1e-05
128.59125492432364,13.729323179957834,1501,1e-05
128.59125492432364,19.502828563957824,1502,1e-05
133.59125725532368,-52.66598873404219,1503,1e-05
133.59125725532368,-46.89248335004217,1504,1e-05
133.59125725532368,-41.11897796604218,1505,1e-05
133.59125725532368,-35.34547258204219,1506,1e-05
133.59125725532368,-29.57196719804217,1507,1e-05
133.59125725532368,-23.798461815042188,1508,1e-05
133.59125725532368,-18.02495643104217,1509,0.005388662547729749
133.59125725532368,-12.251451047042181,1510,1e-05
133.59125725532368,-6.477945663042192,1511,1e-05
133.59125725532368,-0.7044402790421737,1512,1e-05
133.59125725532368,5.069065103957837,1513,1e-05
133.59125725532368,10.842570487957826,1514,1e-05
133.59125725532368,16.616075871957843,1515,1e-05
138.59125958632376,-61.32624680904219,1516,1e-05
138.59125958632376,-55.55274142604217,1517,1e-05
138.59125958632376,-49.77923604204218,1518,1e-05
138.59125958632376,-44.00573065804219,1519,1e-05
138.59125958632376,-38.232225274042165,1520,1e-05
138.59125958632376,-32.45871989004218,1521,1e-05
138.59125958632376,-26.685214507042197,1522,1e-05
138.59125958632376,-20.91170912304218,1523,1e-05
138.59125958632376,-15.13820373904219,1524,1e-05
138.59125958632376,-9.364698355042172,1525,1e-05
138.59125958632376,-3.5911929710421826,1526,1e-05
138.59125958632376,2.182312411957828,1527,1e-05
138.59125958632376,7.955817795957817,1528,1e-05
138.59125958632376,13.729323179957834,1529,1e-05
143.5912619183237,-58.43949411704218,1530,1e-05
143.5912619183237,-52.66598873404219,1531,1e-05
143.5912619183237,-46.89248335004217,1532,0.008937848038408564
143.5912619183237,-41.11897796604218,1533,1e-05
143.5912619183237,-35.34547258204219,1534,1e-05
143.5912619183237,-23.798461815042188,1535,1e-05
143.5912619183237,-18.02495643104217,1536,1e-05
143.5912619183237,-12.251451047042181,1537,1e-05
143.5912619183237,-6.477945663042192,1538,0.004053144296082566
143.5912619183237,-0.7044402790421737,1539,1e-05
143.5912619183237,5.069065103957837,1540,1e-05
143.5912619183237,10.842570487957826,1541,1e-05
148.59126424932364,-61.32624680904219,1542,1e-05
148.59126424932364,-55.55274142604217,1543,0.0028796654409170386
148.59126424932364,-49.77923604204218,1544,1e-05
148.59126424932364,-44.00573065804219,1545,1e-05
148.59126424932364,-38.232225274042165,1546,1e-05
148.59126424932364,-15.13820373904219,1547,1e-05
148.59126424932364,-9.364698355042172,1548,1e-05
148.59126424932364,-3.5911929710421826,1549,1e-05
148.59126424932364,2.182312411957828,1550,1e-05
148.59126424932364,7.955817795957817,1551,1e-05
148.59126424932364,13.729323179957834,1552,1e-05
153.5912665803237,-18.02495643104217,1553,1e-05
153.5912665803237,-12.251451047042181,1554,1e-05
153.5912665803237,-6.477945663042192,1555,1e-05
153.5912665803237,-0.7044402790421737,1556,1e-05
153.5912665803237,5.069065103957837,1557,1e-05
153.5912665803237,10.842570487957826,1558,1e-05
153.5912665803237,16.616075871957843,1559,1e-05
158.59126891132374,-20.91170912304218,1560,1e-05
158.59126891132374,-15.13820373904219,1561,1e-05
158.59126891132374,-9.364698355042172,1562,1e-05
158.59126891132374,-3.5911929710421826,1563,1e-05
158.59126891132374,2.182312411957828,1564,0.012058413190006874
158.59126891132374,7.955817795957817,1565,1e-05
158.59126891132374,13.729323179957834,1566,1e-05
158.59126891132374,19.502828563957824,1567,1e-05
158.59126891132374,25.27633394795784,1568,1e-05
163.5912712433237,-23.798461815042188,1569,1e-05
163.5912712433237,-18.02495643104217,1570,1e-05
163.5912712433237,-12.251451047042181,1571,1e-05
163.5912712433237,-6.477945663042192,1572,1e-05
163.5912712433237,-0.7044402790421737,1573,1e-05
163.5912712433237,5.069065103957837,1574,1e-05
163.5912712433237,10.842570487957826,1575,1e-05
163.5912712433237,16.616075871957843,1576,1e-05
163.5912712433237,22.389581255957832,1577,0.002025038301408959
163.5912712433237,28.163086638957815,1578,1e-05
168.59127357432362,-26.685214507042197,1579,1e-05
168.59127357432362,-20.91170912304218,1580,1e-05
168.59127357432362,-15.13820373904219,1581,0.003925080902089001
168.59127357432362,-3.5911929710421826,1582,1e-05
168.59127357432362,2.182312411957828,1583,1e-05
168.59127357432362,7.955817795957817,1584,1e-05
168.59127357432362,13.729323179957834,1585,0.0023674118649427765
168.59127357432362,19.502828563957824,1586,1e-05
168.59127357432362,25.27633394795784,1587,1e-05
173.59127590532367,-23.798461815042188,1588,1e-05
173.59127590532367,-18.02495643104217,1589,1e-05
173.59127590532367,16.616075871957843,1590,1e-05
