Commune,Total,x,y,ID
Aeugst am Albis,1970,8.4897,47.27541,906
Affoltern am Albis,11494,8.45128,47.27743,906
Bonstetten,5315,8.46625,47.31665,907
Hausen am Albis,3450,8.53299,47.24496,937
Hedingen,3642,8.44833,47.29794,906
Kappel am Albis,1031,8.52727,47.22811,937
Knonau,2089,8.46197,47.2235,905
Maschwanden,638,8.42709,47.23431,877
Mettmenstetten,4610,8.46347,47.24529,905
Obfelden,4977,8.4215,47.26413,877
Ottenbach,2546,8.40942,47.28147,878
Rifferswil,1056,8.49692,47.24372,905
Stallikon,3442,8.48965,47.32582,907
Wettswil am Albis,4868,8.46993,47.33727,907
Adlikon,662,8.69148,47.5823,1010
Benken (ZH),850,8.65391,47.65276,1012
Berg am Irchel,571,8.59678,47.56951,977
Buch am Irchel,951,8.62744,47.548,976
Dachsen,1968,8.6179,47.66515,979
Feuerthalen,3498,8.64357,47.69054,979
Flaach,1349,8.60633,47.57608,977
Flurlingen,1428,8.62995,47.6839,979
Andelfingen,2153,8.68124,47.61328,1011
Henggart,2240,8.68215,47.56272,1010
Humlikon,497,8.67007,47.57641,1010
Kleinandelfingen,2055,8.68362,47.60058,1011
Laufen-Uhwiesen,1616,8.64354,47.67025,1012
Marthalen,1935,8.65326,47.62913,1011
Oberstammheim,1166,8.79963,47.63244,1078
Ossingen,1408,8.72781,47.61175,1045
Thalheim an der Thur,900,8.7512,47.57822,1044
Trüllikon,1010,8.68919,47.63539,1011
Truttikon,471,8.72718,47.62908,1045
Unterstammheim,914,8.79064,47.63921,1079
Volken,334,8.62579,47.57482,977
Waltalingen,668,8.77821,47.62203,1045
Bachenbülach,3994,8.54556,47.50317,942
Bassersdorf,11494,8.62851,47.44342,974
Bülach,19035,8.56764,47.49706,942
Dietlikon,7547,8.6188,47.41827,974
Eglisau,4972,8.52122,47.57738,943
Embrach,9050,8.59406,47.50561,975
Freienstein-Teufen,2267,8.59045,47.53575,976
Glattfelden,4881,8.50167,47.55871,911
Hochfelden,1978,8.50895,47.52843,911
Höri,2605,8.50244,47.5075,910
Hüntwangen,1013,8.49116,47.59576,912
Kloten,18209,8.58491,47.45152,974
Lufingen,2057,8.59428,47.49108,975
Nürensdorf,5428,8.64908,47.44814,1008
Oberembrach,1052,8.61828,47.4878,975
Opfikon,18389,8.57588,47.43169,974
Rafz,4319,8.54305,47.60438,944
Rorbas,2730,8.57555,47.53092,976
Wallisellen,15446,8.59672,47.41499,974
Wasterkingen,570,8.47121,47.58956,912
Wil (ZH),1366,8.50815,47.60447,912
Bachs,580,8.43942,47.52385,882
Boppelsen,1320,8.40614,47.46945,881
Buchs (ZH),6233,8.43661,47.45876,881
Dällikon,3930,8.43243,47.43938,881
Dänikon,1881,8.40648,47.44674,881
Dielsdorf,5881,8.45631,47.47181,910
Hüttikon,877,8.38807,47.4426,881
Neerach,3030,8.47099,47.51096,911
Niederglatt,4697,8.49987,47.49066,910
Niederhasli,8991,8.48576,47.48012,910
Niederweningen,2824,8.37711,47.50614,882
Oberglatt,6752,8.51896,47.47576,941
Oberweningen,1783,8.40702,47.50226,882
Otelfingen,2741,8.39141,47.46053,881
Regensberg,467,8.43791,47.48295,910
Regensdorf,17843,8.46874,47.4341,909
Rümlang,7625,8.52993,47.45041,941
Schleinikon,712,8.39748,47.49747,882
Schöfflisdorf,1380,8.41754,47.5003,882
Stadel,2180,8.46353,47.5294,911
Steinmaur,3332,8.45216,47.4971,910
Weiach,1368,8.43344,47.55908,883
Bäretswil,4920,8.85645,47.33709,1107
Bubikon,6947,8.8179,47.26698,1071
Dürnten,7299,8.84156,47.27856,1106
Fischenthal,2386,8.92052,47.33122,1144
Gossau (ZH),9662,8.75831,47.3051,1039
Grüningen,3338,8.75,47.28333,1038
Hinwil,10807,8.83431,47.29646,1072
Rüti (ZH),11793,8.85552,47.25603,1106
Seegräben,1422,8.77131,47.34124,1073
Wald (ZH),9284,8.91405,47.27595,1143
Wetzikon (ZH),23985,8.79779,47.3264,1073
Adliswil,18382,8.52462,47.30997,938
Hirzel,2136,8.6,47.21667,970
Horgen,19794,8.59778,47.25983,971
Hütten,886,8.66655,47.17573,1003
Kilchberg (ZH),8057,8.54548,47.32438,938
Langnau am Albis,7364,8.5411,47.28885,938
Oberrieden,4973,8.57838,47.27444,971
Richterswil,13053,8.69686,47.20622,1003
Rüschlikon,5583,8.55135,47.30688,938
Schönenberg (ZH),1836,8.64494,47.19182,1003
Thalwil,17578,8.56351,47.29175,938
Wädenswil,21324,8.6687,47.22683,1004
Erlenbach (ZH),5375,8.59743,47.30298,972
Herrliberg,6196,8.61464,47.29064,971
Hombrechtikon,8336,8.77212,47.25298,1071
Küsnacht (ZH),13556,8.58401,47.31805,972
Männedorf,10416,8.69893,47.25686,1004
Meilen,13242,8.64617,47.27232,971
Oetwil am See,4611,8.72023,47.27049,1038
Stäfa,13930,8.72342,47.24254,1037
Uetikon am See,5909,8.67925,47.26441,1004
Zumikon,5116,8.62271,47.33158,972
Zollikon,12529,8.57407,47.34019,972
Fehraltorf,6254,8.75149,47.38775,1040
Hittnau,3589,8.82418,47.36334,1073
Illnau-Effretikon,16141,8.71605,47.42293,1041
Kyburg,405,8.74476,47.45569,1041
Pfäffikon,11296,8.79202,47.36453,1073
Russikon,4255,8.77515,47.39669,1074
Weisslingen,3216,8.76787,47.43063,1041
Wildberg,999,8.81669,47.42585,1074
Dübendorf,26297,8.61872,47.39724,973
Fällanden,8305,8.63869,47.37169,973
Greifensee,5316,8.68124,47.3484,1006
Mönchaltorf,3618,8.72029,47.30958,1039
Schwerzenbach,4947,8.65727,47.38213,1007
Uster,33462,8.72091,47.34713,1039
Volketswil,18349,8.69085,47.39016,1007
Wangen-Brüttisellen,7677,8.63263,47.42173,974
Altikon,646,8.78282,47.57404,1077
Brütten,2002,8.67569,47.47318,1008
Dägerlen,1004,8.72147,47.56073,1010
Dättlikon,742,8.6245,47.52493,976
Dinhard,1483,8.76667,47.55,1043
Elgg,4169,8.86523,47.49715,1110
Ellikon an der Thur,879,8.82331,47.56298,1077
Elsau,3458,8.80792,47.5026,1076
Hagenbuch,1102,8.8892,47.52035,1111
Hettlingen,3094,8.70532,47.5461,1010
Hofstetten (ZH),475,8.85401,47.47242,1110
Neftenbach,5484,8.6649,47.52764,1009
Pfungen,3736,8.6423,47.51394,1009
Rickenbach (ZH),2576,8.79654,47.55191,1077
Schlatt (ZH),737,8.82705,47.47067,1075
Seuzach,7132,8.73209,47.5356,1043
Turbenthal,4420,8.84629,47.43633,1109
Winterthur,106349,8.72413,47.50564,1042
Zell (ZH),5594,8.82176,47.44607,1075
Aesch (ZH),1192,8.44099,47.33674,907
Birmensdorf (ZH),6186,8.44256,47.35515,879
Dietikon,26201,8.40015,47.40165,880
Geroldswil,4809,8.41085,47.42213,880
Oberengstringen,6461,8.46515,47.40841,909
Oetwil an der Limmat,2333,8.39491,47.42832,880
Schlieren,18063,8.44763,47.39668,908
Uitikon,4063,8.45699,47.36911,908
Unterengstringen,3601,8.44761,47.41396,880
Urdorf,9541,8.42581,47.38507,880
Weiningen (ZH),4478,8.43644,47.42022,880
Zürich,382623,8.55,47.36667,939
Bauma,4764,8.87905,47.36745,1108
Wiesendangen,6162,8.78967,47.5217,1076
Aarberg,4478,7.27578,47.04439,362
Bargen (BE),988,7.2686,47.06015,363
Grossaffoltern,2950,7.36232,47.06595,393
Kallnach,1877,7.23545,47.02032,332
Kappelen,1316,7.2686,47.06015,363
Lyss,14171,7.30655,47.0741,363
Meikirch,2356,7.36639,47.00719,392
Radelfingen,1246,7.27178,47.02146,362
Rapperswil (BE),2395,7.41088,47.06316,423
Schüpfen,3679,7.37723,47.03661,393
Seedorf (BE),2954,7.31249,47.03445,362
Aarwangen,4327,7.76854,47.23845,588
Auswil,457,7.83525,47.13653,618
Bannwil,695,7.73101,47.23405,588
Bleienbach,670,7.7563,47.18493,587
Busswil bei Melchnau,169,7.82944,47.18767,619
Gondiswil,731,7.87136,47.14677,652
Langenthal,15144,7.79607,47.21526,620
Lotzwil,2465,7.79102,47.19135,619
Madiswil,3165,7.79858,47.16463,619
Melchnau,1530,7.85128,47.18213,619
Obersteckholz,402,7.81706,47.19931,619
Oeschenbach,238,7.74756,47.10287,585
Reisiswil,187,7.84628,47.16513,619
Roggwil (BE),3869,7.82141,47.24119,620
Rohrbachgraben,392,7.80044,47.11934,618
Rütschelen,557,7.77109,47.17322,586
Schwarzhäusern,494,7.76552,47.25173,588
Thunstetten,3219,7.75746,47.20275,587
Ursenbach,894,7.77193,47.13696,586
Wynau,1596,7.81626,47.2557,621
Bern,126385,7.44744,46.94809,451
Bolligen,6074,7.49697,46.9751,452
Bremgarten bei Bern,4315,7.43545,46.97811,421
Kirchlindach,2830,7.41735,46.99965,422
Köniz,39599,7.41457,46.92436,420
Muri bei Bern,12580,7.48658,46.93122,451
Oberbalm,882,7.4028,46.87363,419
Stettlen,3129,7.52508,46.95835,483
Vechigen,5184,7.56065,46.94616,483
Wohlen bei Bern,8920,7.35593,46.97113,392
Zollikofen,9961,7.45809,46.99905,452
Ittigen,11111,7.48281,46.97434,452
Ostermundigen,16479,7.49019,46.95694,451
Biel/Bienne,53159,7.24608,47.13713,335
Evilard,2512,7.23755,47.14969,335
Büetigen,823,7.34119,47.10656,394
Büren an der Aare,3469,7.3722,47.13976,395
Diessbach bei Büren,981,7.36122,47.1078,394
Dotzigen,1452,7.34558,47.12167,394
Lengnau (BE),4896,7.36814,47.18155,396
Leuzigen,1238,7.45775,47.17458,425
Meienried,52,7.34137,47.13868,395
Meinisberg,1312,7.34801,47.15965,395
Oberwil bei Büren,822,7.41141,47.13072,424
Pieterlen,3969,7.33791,47.17501,395
Rüti bei Büren,829,7.40307,47.15167,425
Wengi,601,7.39926,47.08386,423
Aefligen,1057,7.55175,47.09571,485
Alchenstorf,595,7.63785,47.12537,552
Bäriswil,1010,7.52709,47.01947,484
Burgdorf,15918,7.62786,47.05901,517
Ersigen,1667,7.59507,47.09368,518
Hasle bei Burgdorf,3276,7.65112,47.01436,550
Heimiswil,1580,7.66665,47.06755,551
Hellsau,201,7.65175,47.14583,519
Hindelbank,2392,7.54143,47.0427,484
Höchstetten,266,7.63134,47.14505,519
Kernenried,524,7.54679,47.06968,485
Kirchberg (BE),5727,7.58288,47.08538,518
Koppigen,2085,7.59875,47.13385,519
Krauchthal,2304,7.5664,47.00964,484
Lyssach,1399,7.58228,47.06445,485
Mötschwil,133,7.5694,47.04581,484
Niederösch,233,7.61587,47.11576,518
Oberburg,2866,7.62652,47.03774,517
Oberösch,102,7.60805,47.10955,518
Rüdtligen-Alchenflüh,2411,7.56866,47.08486,485
Rumendingen,83,7.6394,47.10588,518
Rüti bei Lyssach,169,7.58246,47.05446,517
Willadingen,202,7.61112,47.14667,519
Wynigen,1974,7.66681,47.10586,552
Corgémont,1651,7.14517,47.19457,304
Cormoret,481,7.05421,47.17078,239
Cortébert,703,7.10891,47.18825,272
Courtelary,1346,7.08278,47.17153,271
Mont-Tramelan,115,7.06477,47.20999,272
Orvin,1185,7.21368,47.16068,335
Renan (BE),882,6.92825,47.12686,178
Romont (BE),195,7.34063,47.18865,396
Saint-Imier,4970,6.99692,47.15284,206
Sonceboz-Sombeval,1893,7.17751,47.19654,304
Sonvilier,1233,6.96404,47.13883,206
Tramelan,4333,7.0995,47.22393,272
Villeret,913,7.01889,47.15838,239
Brüttelen,561,7.14793,47.02269,301
Erlach,1399,7.0996,47.04297,269
Finsterhennen,526,7.17536,47.02483,301
Gals,767,7.05183,47.02841,236
Gampelen,829,7.05994,47.01499,236
Ins,3402,7.10609,47.00584,268
Lüscherz,526,7.15266,47.04461,301
Müntschemier,1319,7.14636,46.99493,300
Siselen,574,7.19119,47.03251,333
Treiten,430,7.16025,47.00859,301
Tschugg,440,7.08103,47.02534,269
Vinelz,850,7.11606,47.034,269
Bangerten,160,7.44914,47.05564,453
Bätterkinden,3147,7.54103,47.13363,486
Deisswil bei Münchenbuchsee,81,7.45337,47.03717,453
Diemerswil,202,7.42051,47.02009,422
Fraubrunnen,4844,7.5029,47.0678,453
Jegenstorf,5526,7.50787,47.04802,453
Iffwil,417,7.48286,47.06396,453
Mattstetten,557,7.51888,47.02817,484
Moosseedorf,3958,7.47811,47.01562,452
Münchenbuchsee,9816,7.45036,47.02175,422
Urtenen-Schönbühl,6148,7.49989,47.02088,452
Utzenstorf,4151,7.55838,47.12981,486
Wiggiswil,98,7.47086,47.03131,453
Wiler bei Utzenstorf,869,7.55657,47.15059,486
Zielebach,321,7.57291,47.15803,487
Zuzwil (BE),565,7.46806,47.05112,453
Adelboden,3381,7.56031,46.49142,474
Aeschi bei Spiez,2183,7.6965,46.65848,543
Frutigen,6746,7.67566,46.56761,541
Kandergrund,773,7.659,46.56212,541
Kandersteg,1272,7.67326,46.49467,540
Krattigen,1063,7.72777,46.66139,577
Reichenbach im Kandertal,3501,7.69362,46.62541,542
Beatenberg,1147,7.79428,46.69896,610
Bönigen,2489,7.8935,46.68736,643
Brienz (BE),3018,8.03847,46.7545,736
Brienzwiler,470,8.10139,46.75084,736
Därligen,407,7.80808,46.66175,609
Grindelwald,3711,8.03601,46.62396,704
Gsteigwiler,392,7.87188,46.65545,642
Gündlischwand,341,7.91269,46.6322,642
Habkern,635,7.86304,46.72639,644
Hofstetten bei Brienz,535,8.07487,46.75351,736
Interlaken,5571,7.86638,46.68387,643
Iseltwald,416,7.96415,46.71076,675
Lauterbrunnen,2408,7.90765,46.59568,673
Leissigen,1000,7.77548,46.6546,609
Lütschental,217,7.9499,46.63727,674
Matten bei Interlaken,3861,7.86889,46.67833,643
Niederried bei Interlaken,346,7.92549,46.72547,675
Oberried am Brienzersee,446,7.95925,46.73633,676
Ringgenberg (BE),2603,7.89445,46.70114,643
Saxeten,97,7.83087,46.63658,609
Schwanden bei Brienz,579,8.05582,46.77107,736
Unterseen,5591,7.84722,46.6853,643
Wilderswil,2603,7.86175,46.66369,643
Arni (BE),911,7.66473,46.93519,548
Biglen,1722,7.62508,46.92629,515
Bowil,1346,7.69757,46.89304,548
Brenzikofen,511,7.61713,46.81812,513
Freimettigen,465,7.63106,46.86636,514
Grosshöchstetten,3455,7.63782,46.90671,514
Häutligen,243,7.60671,46.8576,513
Herbligen,583,7.60632,46.8299,513
Kiesen,915,7.58402,46.81956,480
Konolfingen,5081,7.62013,46.87909,514
Landiswil,612,7.68027,46.95815,549
Mirchel,618,7.64993,46.89456,514
Münsingen,11632,7.561,46.87298,481
Niederhünigen,601,7.63857,46.87905,514
Oberdiessbach,3489,7.6173,46.84117,513
Oberthal,722,7.67569,46.91612,548
Oppligen,652,7.60074,46.81839,513
Rubigen,2909,7.5446,46.89868,482
Schlosswil,626,7.61171,46.90869,514
Tägertschi,385,7.58529,46.87548,514
Walkringen,1711,7.6204,46.94856,515
Worb,11229,7.56306,46.92984,482
Zäziwil,1617,7.66185,46.90196,548
Oberhünigen,311,7.65979,46.88096,547
Allmendingen,543,7.52439,46.91472,482
Wichtrach,4075,7.57748,46.8501,481
Clavaleyres,49,7.09282,46.8991,266
Ferenbalm,1218,7.21124,46.9488,331
Frauenkappelen,1192,7.33835,46.95425,391
Golaten,311,7.24406,46.98753,332
Gurbrü,246,7.21527,46.96485,331
Kriechenwil,422,7.21957,46.90969,330
Laupen,3027,7.23973,46.90214,330
Mühleberg,2833,7.26102,46.95466,361
Münchenwiler,480,7.1255,46.91109,299
Neuenegg,5137,7.30282,46.89416,360
Wileroltigen,383,7.23922,46.97094,332
Belprahon,306,7.40588,47.28635,427
Champoz,161,7.29531,47.2558,367
Corcelles (BE),210,7.45242,47.28488,427
Court,1404,7.33655,47.23956,397
Crémines,521,7.44032,47.28329,427
Eschert,371,7.40334,47.27503,427
Grandval,382,7.42504,47.28278,427
Loveresse,317,7.23881,47.24387,337
Moutier,7470,7.36951,47.27818,397
Perrefitte,432,7.34161,47.27568,397
Reconvilier,2286,7.22239,47.23431,337
Roches (BE),209,7.38127,47.30199,398
Saicourt,598,7.20745,47.24281,337
Saules (BE),158,7.22179,47.24575,337
Schelten,36,7.55171,47.33428,490
Seehof,66,7.52496,47.30467,489
Sorvilier,270,7.30841,47.23749,366
Tavannes,3544,7.19759,47.22079,336
Rebévelier,43,7.1923,47.29136,338
La Neuveville,3661,7.11089,47.0964,270
Nods,738,7.08105,47.11371,270
Plateau de Diesse,1954,7.11677,47.11314,270
Aegerten,1851,7.29164,47.12115,364
Bellmund,1617,7.24608,47.10852,334
Brügg,4229,7.27887,47.1237,364
Epsach,321,7.22173,47.07047,333
Hagneck,406,7.18532,47.05703,333
Hermrigen,300,7.24158,47.08166,334
Jens,672,7.26358,47.09632,363
Ipsach,3917,7.23029,47.11389,334
Ligerz,543,7.13476,47.08368,302
Merzligen,400,7.25376,47.08729,363
Mörigen,832,7.21413,47.0851,334
Nidau,6788,7.24033,47.12545,335
Orpund,2641,7.30775,47.13891,364
Safnern,1925,7.32314,47.14996,395
Scheuren,447,7.32089,47.13471,364
Schwadernau,653,7.30778,47.1278,364
Studen (BE),3075,7.30323,47.11305,364
Sutz-Lattrigen,1390,7.22008,47.09832,334
Täuffelen,2719,7.19704,47.06524,333
Walperswil,986,7.226,47.06083,333
Worben,2253,7.29518,47.10279,364
Twann-Tüscherz,1146,7.19418,47.11412,334
Därstetten,825,7.49111,46.65948,446
Diemtigen,2145,7.56477,46.64928,477
Erlenbach im Simmental,1681,7.55445,46.66021,477
Oberwil im Simmental,803,7.43513,46.65688,415
Reutigen,985,7.62102,46.69363,510
Spiez,12306,7.69111,46.68473,544
Wimmis,2396,7.63972,46.67587,510
Stocken-Höfen,976,7.56461,46.71137,478
Guttannen,291,8.28951,46.65511,840
Hasliberg,1111,8.22839,46.74645,792
Innertkirchen,1032,8.22876,46.70467,791
Meiringen,4642,8.1872,46.72709,791
Schattenhalb,574,8.19074,46.71903,791
Boltigen,1271,7.39111,46.6289,385
Lenk,2356,7.44298,46.45826,411
St. Stephan,1314,7.39386,46.51168,412
Zweisimmen,2948,7.37385,46.55452,413
Gsteig,967,7.26751,46.38585,350
Lauenen,825,7.3217,46.42437,381
Saanen,6802,7.25961,46.48956,352
Guggisberg,1525,7.32946,46.76756,388
Rüschegg,1589,7.39167,46.77977,417
Schwarzenburg,6763,7.3375,46.79861,388
Belp,11384,7.49825,46.89129,450
Burgistein,1039,7.49988,46.78464,448
Gelterfingen,267,7.51564,46.84449,449
Gerzensee,1148,7.54503,46.84023,481
Gurzelen,845,7.54264,46.77644,479
Jaberg,250,7.56919,46.81796,480
Kaufdorf,1055,7.49679,46.84032,449
Kehrsatz,4181,7.47096,46.91035,450
Kirchdorf (BE),950,7.54847,46.82085,480
Kirchenthurnen,274,7.50054,46.82375,449
Lohnstorf,231,7.50987,46.80771,480
Mühledorf (BE),240,7.52994,46.82798,480
Mühlethurnen,1377,7.50881,46.81345,480
Niedermuhlern,458,7.46581,46.8606,449
Noflen,299,7.5433,46.8056,480
Riggisberg,2370,7.48014,46.81028,448
Rüeggisberg,1782,7.4389,46.82216,418
Rümligen,434,7.48861,46.82786,449
Seftigen,2185,7.53937,46.78765,479
Toffen,2497,7.49216,46.86031,449
Uttigen,1919,7.57789,46.79435,512
Wattenwil,2833,7.50835,46.76973,448
Wald (BE),1168,7.45919,46.8825,450
Eggiwil,2387,7.79567,46.87575,613
Langnau im Emmental,8915,7.78738,46.93936,614
Lauperswil,2630,7.74214,46.96564,582
Röthenbach im Emmental,1185,7.74251,46.85425,580
Rüderswil,2291,7.72061,46.98415,583
Schangnau,889,7.85987,46.82784,646
Signau,2635,7.78725,46.9315,614
Trub,1306,7.87996,46.94168,648
Trubschachen,1369,7.8452,46.92228,614
Amsoldingen,799,7.58247,46.72754,511
Blumenstein,1198,7.52136,46.7421,479
Buchholterberg,1523,7.67463,46.81351,546
Eriz,484,7.77102,46.78773,579
Fahrni,784,7.65502,46.79401,546
Heiligenschwendi,697,7.68391,46.75109,545
Heimberg,6615,7.60433,46.79482,512
Hilterfingen,3963,7.66185,46.73521,544
Horrenbach-Buchen,236,7.77102,46.78773,579
Oberhofen am Thunersee,2381,7.66903,46.73148,544
Oberlangenegg,462,7.74181,46.80103,579
Pohlern,251,7.53525,46.72515,478
Schwendibach,230,7.66192,46.76993,545
Sigriswil,4634,7.71335,46.71656,544
Steffisburg,15467,7.63249,46.77807,512
Teuffenthal (BE),159,7.71142,46.76766,545
Thierachern,2399,7.57442,46.75319,479
Thun,42555,7.62166,46.75118,511
Uebeschi,669,7.54728,46.73948,479
Uetendorf,5924,7.57251,46.77392,479
Unterlangenegg,922,7.70125,46.79926,546
Wachseldorn,235,7.72507,46.82205,580
Zwieselberg,306,7.61669,46.71006,511
Forst-Längenbühl,763,7.52325,46.76468,479
Affoltern im Emmental,1132,7.7347,47.06529,584
Dürrenroth,1047,7.7913,47.08816,617
Eriswil,1332,7.85149,47.07816,651
Huttwil,4655,7.86209,47.11502,651
Lützelflüh,4017,7.69165,47.00757,550
Rüegsau,3150,7.69096,47.0381,550
Sumiswald,4910,7.74526,47.02747,584
Trachselwald,958,7.75123,47.05344,584
Walterswil (BE),512,7.77798,47.1122,585
Wyssachen,1144,7.82922,47.07851,617
Attiswil,1389,7.61353,47.24673,521
Berken,39,7.70594,47.22578,554
Bettenhausen,654,7.71575,47.17148,553
Farnern,202,7.61778,47.26693,521
Heimenhausen,1099,7.69957,47.20904,554
Hermiswil,96,7.70056,47.15593,553
Herzogenbuchsee,6883,7.7062,47.18795,553
Inkwil,616,7.6712,47.20103,553
Niederbipp,4487,7.69461,47.26613,555
Niederönz,1628,7.68047,47.18289,553
Oberbipp,1646,7.66359,47.2607,555
Ochlenberg,564,7.73603,47.14953,586
Rumisberg,461,7.6403,47.26415,521
Seeberg,1393,7.66567,47.15585,553
Thörigen,1082,7.72888,47.17306,586
Walliswil bei Niederbipp,222,7.69525,47.23614,554
Walliswil bei Wangen,567,7.6829,47.22885,554
Wangen an der Aare,2237,7.65448,47.23199,554
Wangenried,420,7.65565,47.21713,554
Wiedlisbach,2234,7.6461,47.25194,521
Wolfisberg,187,7.65993,47.27485,555
Doppleschwand,737,8.05501,47.01831,741
Entlebuch,3293,8.03135,46.9627,710
Flühli,1636,8.01558,46.88391,709
Hasle (LU),1710,8.05326,46.97787,740
Romoos,665,8.02543,47.01093,711
Schüpfheim,4083,8.01723,46.95161,710
Werthenstein,1972,8.10182,47.05578,742
Escholzmatt-Marbach,4227,7.89966,46.85441,646
Aesch (LU),1068,8.2409,47.25637,827
Altwis,411,8.24781,47.23847,827
Ballwil,2719,8.32138,47.15487,850
Ermensee,888,8.23627,47.22781,801
Eschenbach (LU),3614,8.31964,47.13231,849
Hitzkirch,5085,8.26425,47.22403,826
Hochdorf,9339,8.26148,47.15196,825
Hohenrain,2514,8.31802,47.18083,850
Inwil,2384,8.34885,47.1253,849
Römerswil,1689,8.24643,47.16813,800
Adligenswil,5323,8.36124,47.06521,848
Buchrain,6070,8.34792,47.10175,849
Dierikon,1423,8.36948,47.09677,874
Ebikon,12934,8.34041,47.07937,848
Gisikon,1188,8.40356,47.12701,875
Greppen,1028,8.43034,47.05514,873
Honau,380,8.40811,47.13254,875
Horw,13392,8.30956,47.01692,847
Kriens,26537,8.27631,47.03537,823
Luzern,79250,8.30635,47.05048,823
Malters,6888,8.18193,47.03628,797
Meggen,6749,8.37221,47.05143,873
Meierskappel,1340,8.44436,47.12424,903
Root,4665,8.39021,47.11458,874
Udligenswil,2258,8.40335,47.09005,874
Vitznau,1306,8.4842,47.01014,901
Weggis,4132,8.43219,47.03208,873
Beromünster,6353,8.19265,47.20612,801
Büron,2336,8.09421,47.21206,745
Buttisholz,3218,8.09425,47.11442,743
Eich,1672,8.16695,47.15116,773
Geuensee,2829,8.10689,47.1997,774
Grosswangen,3084,8.04781,47.13282,743
Hildisrieden,2104,8.22582,47.15068,800
Knutwil,2117,8.07315,47.19953,744
Mauensee,1316,8.07589,47.1715,744
Neuenkirch,6568,8.20416,47.09989,799
Nottwil,3564,8.13712,47.13569,773
Oberkirch,4277,8.11567,47.15642,773
Rickenbach (LU),3142,8.17752,47.24836,775
Ruswil,6720,8.12645,47.08425,772
Schenkon,2721,8.14384,47.1683,773
Schlierbach,811,8.11066,47.22563,745
Sempach,4112,8.14978,47.14738,773
Sursee,9399,8.12719,47.14929,773
Triengen,4445,8.07729,47.23375,745
Wolhusen,4217,8.07389,47.05983,742
Alberswil,654,8.00313,47.14998,714
Altbüron,975,7.88123,47.18204,653
Altishofen,1541,7.96964,47.19916,715
Dagmersellen,5173,7.98466,47.21366,715
Ebersecken,394,7.93185,47.18286,684
Egolzwil,1406,8.00318,47.18411,715
Ettiswil,2599,8.01759,47.15031,714
Gettnau,1123,7.97007,47.14064,683
Grossdietwil,819,7.89141,47.16836,652
Hergiswil bei Willisau,1847,7.95799,47.08498,682
Luthern,1246,7.91692,47.05753,682
Menznau,2838,8.03971,47.08364,713
Nebikon,2535,7.97806,47.19257,715
Pfaffnau,2495,7.89719,47.22772,653
Reiden,6874,7.97135,47.24719,685
Roggliswil,648,7.88374,47.21353,653
Schötz,4147,7.9887,47.16896,714
Ufhusen,876,7.89623,47.11647,651
Wauwil,1952,8.021,47.18457,715
Wikon,1448,7.96801,47.26339,686
Zell (LU),1969,7.92495,47.13673,683
Willisau,7551,7.96775,47.17125,684
Altdorf (UR),8953,8.64441,46.88042,997
Andermatt,1365,8.59388,46.63565,959
Attinghausen,1612,8.63036,46.86255,963
Bauen,158,8.57277,46.92891,964
Bürglen (UR),3911,8.66539,46.87565,997
Erstfeld,3688,8.65052,46.81885,996
Flüelen,1946,8.62396,46.90478,964
Göschenen,423,8.58709,46.66816,959
Gurtnellen,575,8.62468,46.74007,961
Hospental,194,8.56977,46.61956,958
Isenthal,505,8.56121,46.91079,964
Realp,141,8.50282,46.59821,924
Schattdorf,4928,8.65465,46.8655,997
Seedorf (UR),1786,8.61611,46.88199,963
Seelisberg,634,8.58689,46.97302,965
Silenen,2077,8.75168,46.77693,1062
Sisikon,375,8.62003,46.94915,965
Spiringen,842,8.73017,46.87259,1030
Unterschächen,696,8.76923,46.86281,1064
Wassen,403,8.59881,46.70651,960
Einsiedeln,14782,8.74735,47.12849,1035
Gersau,2201,8.51678,47.008,932
Feusisberg,5066,8.74724,47.18707,1036
Freienbach,15786,8.75842,47.20534,1037
Wollerau,6985,8.71903,47.19478,1036
Küssnacht (SZ),12192,8.44206,47.08557,902
Altendorf,6637,8.83823,47.18994,1070
Galgenen,5083,8.87046,47.18226,1104
Innerthal,191,8.92011,47.10567,1139
Lachen,8357,8.85432,47.19927,1105
Reichenburg,3389,8.97704,47.17097,1176
Schübelbach,8916,8.92811,47.17326,1141
Tuggen,3186,8.94896,47.20291,1141
Vorderthal,996,8.90225,47.12172,1103
Wangen (SZ),4784,8.89498,47.19082,1141
Alpthal,591,8.71602,47.06954,1034
Arth,11439,8.52349,47.06337,933
Illgau,785,8.72509,46.98764,1032
Ingenbohl,8256,8.61529,46.9988,966
Lauerz,1096,8.58118,47.03528,966
Morschach,1112,8.61826,46.98271,965
Muotathal,3431,8.76499,46.97676,1066
Oberiberg,865,8.78676,47.04074,1067
Riemenstalden,89,8.66525,46.94712,998
Rothenthurm,2289,8.67585,47.1042,1001
Sattel,1909,8.63565,47.08246,1001
Schwyz,14570,8.65414,47.02076,1000
Steinen,3272,8.61214,47.04975,967
Steinerberg,902,8.58399,47.05206,967
Unteriberg,2306,8.8052,47.06258,1067
Alpnach,5830,8.2718,46.94227,821
Engelberg,4021,8.40133,46.82107,869
Giswil,3542,8.18065,46.83333,793
Kerns,5917,8.27528,46.90134,820
Lungern,2107,8.15984,46.78578,766
Sachseln,5018,8.23344,46.86718,794
Sarnen,10072,8.24531,46.89611,820
Beckenried,3495,8.47575,46.96653,900
Buochs,5373,8.42279,46.97398,872
Dallenwil,1783,8.38785,46.9242,871
Emmetten,1367,8.51467,46.95658,931
Ennetbürgen,4536,8.41003,46.98423,872
Ennetmoos,2086,8.33779,46.95781,846
Hergiswil (NW),5584,8.30944,46.98429,846
Oberdorf (NW),3058,8.45791,46.96901,900
Stans,8069,8.36609,46.95805,846
Stansstad,4348,8.33553,46.9768,846
Wolfenschiessen,2124,8.39423,46.90322,870
Glarus Nord,17497,9.02551,47.14995,1176
Glarus Süd,9393,9.0701,46.99541,1209
Glarus,12294,9.06804,47.04057,1210
Baar,23282,8.52954,47.19625,936
Hünenberg,8816,8.42497,47.17536,876
Menzingen,4158,8.59215,47.17764,969
Neuheim,2154,8.58268,47.19946,970
Oberägeri,5834,8.6144,47.13614,968
Risch,10179,8.441,47.14054,875
Steinhausen,9453,8.48718,47.19857,904
Unterägeri,8482,8.5853,47.13645,968
Walchwil,3549,8.51693,47.10169,934
Zug,28571,8.51745,47.17242,936
Châbles,763,6.81078,46.82451,150
Cheiry,375,6.83553,46.75038,148
Cheyres,1407,6.78685,46.81439,128
Cugy (FR),1624,6.88888,46.81479,172
Domdidier,3041,7.01337,46.86716,233
Estavayer-le-Lac,6089,6.8465,46.84876,150
Fétigny,957,6.9117,46.79819,172
Gletterens,998,6.93689,46.89489,201
Léchelles,796,7.01621,46.82896,232
Lully (FR),1120,6.84534,46.83401,150
Ménières,413,6.88014,46.78268,171
Morens (FR),154,6.90697,46.84364,173
Murist,615,6.80708,46.79025,149
Nuvilly,401,6.82778,46.78336,149
Prévondavaux,64,6.79561,46.72963,148
Rueyres-les-Prés,431,6.91208,46.85865,173
Russy,214,7.00348,46.84126,233
Sévaz,270,6.87703,46.83985,173
Surpierre,325,6.84985,46.74207,148
Vuissens,244,6.76625,46.73342,126
Les Montets,1338,6.8581,46.80781,172
Delley-Portalban,1052,6.95577,46.91854,202
Auboranges,270,6.80445,46.58463,145
Billens-Hennens,673,6.88669,46.68532,170
Chapelle (Glâne),259,6.83718,46.58873,145
Le Châtelard,370,6.89908,46.44527,165
Châtonnaye,783,6.93799,46.75452,198
Ecublens (FR),330,6.80895,46.60735,146
Massonnens,509,6.97624,46.69661,197
Montet (Glâne),390,6.81175,46.64633,146
Romont (FR),5074,6.91898,46.69652,170
Rue,1466,6.82225,46.61916,146
Siviriez,2205,6.87774,46.65852,169
Ursy,2906,6.8371,46.63353,146
Villaz-Saint-Pierre,1177,6.95638,46.72074,198
Vuisternens-devant-Romont,2230,6.934,46.64613,196
Villorsonnens,1267,7.00017,46.70739,230
Torny,875,6.95801,46.77093,199
La Folliaz,950,6.96717,46.74266,198
Haut-Intyamon,1493,7.03408,46.49869,226
Pont-en-Ogoz,1768,7.07683,46.68829,262
Botterens,543,7.11548,46.62502,261
Broc,2464,7.09891,46.60513,260
Bulle,20822,7.05674,46.6195,228
Châtel-sur-Montsalvens,270,7.13266,46.61652,293
Crésuz,328,7.14257,46.62056,293
Echarlens,811,7.0742,46.64778,261
Grandvillard,791,7.08605,46.54029,259
Gruyères,2118,7.08253,46.58365,260
Jaun,655,7.27637,46.61122,354
Marsens,1785,7.06167,46.65649,229
Morlon,585,7.08382,46.62563,261
Le Pâquier (FR),1122,7.05328,46.59477,228
Riaz,2370,7.06183,46.64224,261
Sorens,1080,7.05693,46.66846,229
Vaulruz,1026,6.98727,46.62118,196
Vuadens,2264,7.02052,46.61731,228
Bas-Intyamon,1269,7.10616,46.56102,260
Val-de-Charmey,2346,7.16814,46.61622,293
Arconciel,863,7.12152,46.74733,263
Autafond,70,7.07684,46.8129,264
Autigny,794,7.01998,46.73661,231
Avry,1868,7.07006,46.78815,264
Belfaux,3181,7.10674,46.82171,265
Chénens,845,7.00403,46.74157,231
Chésopelloz,120,7.078,46.8081,264
Corminboeuf,2309,7.10492,46.81237,264
Corpataux-Magnedens,1307,7.0932,46.74232,263
Corserey,416,6.98873,46.7731,199
Cottens (FR),1476,7.03127,46.75224,231
Ependes (FR),1103,7.14609,46.75368,296
Farvagny,2210,7.06629,46.7277,263
Ferpicloz,279,7.16223,46.74818,296
Fribourg,36954,7.15128,46.80237,297
Givisiez,3020,7.12639,46.81201,297
Granges-Paccot,3350,7.14836,46.8237,297
Grolley,1875,7.07116,46.8336,265
Neyruz (FR),2560,7.06827,46.76868,264
Noréaz,616,7.02784,46.80145,232
Pierrafortscha,138,7.1807,46.7812,296
Ponthaux,681,7.04142,46.81527,232
Le Mouret,3055,7.18749,46.73183,327
Prez-vers-Noréaz,988,7.01456,46.78584,231
Rossens (FR),1328,7.10369,46.72067,263
Le Glèbe,1255,7.02824,46.71134,230
Senèdes,156,7.14185,46.7418,296
Treyvaux,1424,7.13772,46.72745,295
Villars-sur-Glâne,11882,7.11717,46.79054,264
Villarsel-sur-Marly,84,7.17195,46.76178,296
Vuisternens-en-Ogoz,986,7.0561,46.70424,230
Hauterive (FR),2358,7.0927,46.75952,263
La Brillaz,1885,7.0181,46.76695,231
Barberêche,509,7.15982,46.85735,298
Courgevaux,1425,7.11215,46.90648,266
Courlevon,292,7.11057,46.88929,266
Courtepin,3658,7.12309,46.86547,298
Cressier (FR),927,7.14071,46.8979,299
Fräschels,458,7.20806,46.99788,332
Galmiz,636,7.15804,46.94875,300
Gempenach,305,7.19924,46.943,331
Greng,177,7.09397,46.91337,266
Gurmels,4092,7.17192,46.89407,299
Jeuss,414,7.16272,46.90405,299
Kerzers,4813,7.1957,46.97586,332
Kleinbösingen,601,7.2025,46.89297,330
Lurtigen,180,7.17329,46.92844,299
Meyriez,587,7.1066,46.92366,267
Misery-Courtion,1821,7.08494,46.8582,265
Muntelier,950,7.12356,46.93522,267
Murten,6554,7.11715,46.92827,267
Ried bei Kerzers,1090,7.18105,46.96335,300
Salvenach,590,7.15229,46.91412,299
Ulmiz,410,7.19783,46.93187,331
Villarepos,611,7.07322,46.88343,266
Bas-Vully,2105,7.11251,46.96194,267
Haut-Vully,1363,7.07226,46.9573,267
Wallenried,443,7.11577,46.87361,266
Alterswil,2019,7.25877,46.79587,358
Brünisried,654,7.27636,46.75738,357
Düdingen,7690,7.18848,46.84915,329
Giffers,1514,7.20845,46.7623,328
Bösingen,3347,7.2277,46.89229,330
Heitenried,1362,7.29944,46.82762,358
Oberschrot,1166,7.28149,46.74126,357
Plaffeien,1947,7.28666,46.74198,357
Plasselb,1000,7.25119,46.73488,327
Rechthalten,1056,7.24028,46.76766,328
St. Antoni,1999,7.26091,46.82207,358
St. Silvester,957,7.22401,46.74246,327
St. Ursen,1264,7.22011,46.7909,328
Schmitten (FR),3993,7.25031,46.8575,359
Tafers,3249,7.21852,46.81483,329
Tentlingen,1316,7.20001,46.76767,328
Ueberstorf,2333,7.30998,46.86587,359
Wünnewil-Flamatt,5395,7.28561,46.877,359
Zumholz,392,7.29146,46.75462,357
Attalens,3258,6.84835,46.50996,144
Bossonnens,1481,6.84952,46.52471,144
Châtel-Saint-Denis,6379,6.90083,46.52691,166
Granges (Veveyse),828,6.82659,46.52561,144
Remaufens,1037,6.88262,46.52872,167
Semsales,1402,6.93018,46.57375,195
Le Flon,1160,6.87329,46.60447,168
Egerkingen,3396,7.78424,47.31957,622
Härkingen,1523,7.81806,47.30892,622
Kestenholz,1756,7.75291,47.28039,588
Neuendorf,2036,7.7954,47.30083,621
Niederbuchsiten,1113,7.7718,47.29646,589
Oberbuchsiten,2163,7.76836,47.31334,589
Oensingen,6120,7.72305,47.28639,589
Wolfwil,2041,7.78967,47.26819,621
Aedermannsdorf,541,7.61052,47.30374,522
Balsthal,5946,7.69318,47.31613,556
Gänsbrunnen,94,7.46856,47.26123,457
Herbetswil,529,7.59195,47.29601,522
Holderbank (SO),626,7.7497,47.33248,589
Laupersdorf,1711,7.65053,47.31426,522
Matzendorf,1279,7.6282,47.30374,522
Mümliswil-Ramiswil,2390,7.7035,47.34411,556
Welschenrohr,1096,7.52634,47.28029,489
Biezwil,315,7.41546,47.11653,424
Lüterkofen-Ichertswil,756,7.50311,47.16289,455
Lüterswil-Gächliwil,313,7.43908,47.12224,424
Messen,1450,7.44957,47.09128,454
Schnottwil,1050,7.39368,47.11173,424
Unterramsern,203,7.48267,47.11773,454
Lüsslingen-Nennigkofen,1037,7.49516,47.18633,456
Buchegg,2485,7.50976,47.1425,455
Bättwil,1188,7.5083,47.48954,493
Büren (SO),982,7.67058,47.44702,558
Dornach,6434,7.61644,47.48038,525
Gempen,887,7.66028,47.47585,559
Hochwald,1283,7.6418,47.4583,525
Hofstetten-Flüh,3152,7.50826,47.47216,461
Metzerlen-Mariastein,877,7.47105,47.46589,461
Nuglar-St. Pantaleon,1469,7.69182,47.46101,558
Rodersdorf,1331,7.4576,47.48221,461
Seewen,1015,7.6615,47.43738,558
Witterswil,1473,7.52117,47.48658,493
Hauenstein-Ifenthal,312,7.85594,47.37111,656
Kienberg,510,7.96381,47.43832,689
Lostorf,3876,7.94849,47.38445,688
Niedergösgen,3696,7.99122,47.37217,718
Obergösgen,2197,7.95275,47.36406,688
Rohr (SO),94,7.95333,47.41029,689
Stüsslingen,1067,7.97426,47.39427,688
Trimbach,6354,7.8868,47.36561,656
Winznau,1802,7.93011,47.36356,688
Wisen (SO),402,7.88509,47.39277,657
Erlinsbach (SO),3358,8.00797,47.39753,719
Aeschi (SO),1210,7.66138,47.17977,553
Biberist,8050,7.56246,47.18009,487
Bolken,564,7.66305,47.19123,553
Deitingen,2194,7.61988,47.21579,520
Derendingen,6249,7.58844,47.1985,520
Etziken,771,7.64777,47.18755,553
Gerlafingen,4887,7.57505,47.16978,487
Halten,868,7.60348,47.16883,519
Horriwil,859,7.62185,47.1823,520
Hüniken,94,7.63627,47.18473,520
Kriegstetten,1264,7.59799,47.17449,519
Lohn-Ammannsegg,2690,7.52941,47.17139,487
Luterbach,3407,7.58463,47.21426,520
Obergerlafingen,1098,7.58177,47.16124,519
Oekingen,804,7.60237,47.1798,520
Recherswil,1795,7.59456,47.16258,519
Subingen,3034,7.61949,47.19852,520
Zuchwil,8593,7.56649,47.20173,487
Drei Höfe,736,7.63792,47.16198,519
Balm bei Günsberg,194,7.55825,47.25311,488
Bellach,5070,7.49924,47.21356,456
Bettlach,4806,7.41281,47.50745,431
Feldbrunnen-St. Niklaus,960,7.55486,47.22018,488
Flumenthal,945,7.59851,47.23548,521
Grenchen,16399,7.39586,47.1921,425
Günsberg,1137,7.55825,47.25311,488
Hubersdorf,713,7.58945,47.24629,521
Kammersrohr,33,7.5932,47.25296,521
Langendorf,3686,7.51469,47.21974,488
Lommiswil,1471,7.47139,47.22365,456
Oberdorf (SO),1640,7.50637,47.2305,488
Riedholz,2252,7.56829,47.23158,488
Rüttenen,1484,7.5295,47.23053,488
Selzach,3242,7.45521,47.20531,456
Boningen,730,7.85531,47.30857,655
Däniken,2732,7.98737,47.35321,718
Dulliken,4819,7.94623,47.34476,687
Eppenberg-Wöschnau,310,8.0246,47.37998,718
Fulenbach,1712,7.83343,47.27496,621
Gretzenbach,2630,8.00243,47.35823,718
Gunzgen,1641,7.83102,47.31375,622
Hägendorf,4791,7.84192,47.33436,622
Kappel (SO),3052,7.84647,47.32475,622
Olten,17364,7.90329,47.34999,656
Rickenbach (SO),818,7.85469,47.34239,656
Schönenwerd,4828,8.00167,47.3691,718
Starrkirch-Wil,1688,7.92741,47.34778,687
Walterswil (SO),688,7.95586,47.32449,687
Wangen bei Olten,5007,7.86982,47.34365,656
Solothurn,16274,7.53714,47.20791,488
Bärschwil,799,7.47229,47.3822,459
Beinwil (SO),265,7.58707,47.36262,523
Breitenbach,3689,7.54382,47.40564,491
Büsserach,2188,7.54116,47.39464,491
Erschwil,900,7.54137,47.37386,491
Fehren,605,7.57698,47.39652,491
Grindel,476,7.50591,47.38069,459
Himmelried,927,7.59659,47.42111,524
Kleinlützel,1238,7.42294,47.42537,430
Meltingen,648,7.5875,47.38328,491
Nunningen,1864,7.62122,47.3945,524
Zullwil,631,7.6005,47.39263,524
Basel,165124,7.57327,47.55839,494
Bettingen,1076,7.66425,47.57039,561
Riehen,20310,7.64683,47.57884,527
Aesch (BL),9998,7.5973,47.47104,525
Allschwil,20183,7.53599,47.55074,494
Arlesheim,9042,7.58733,47.51668,526
Biel-Benken,3397,7.52581,47.50781,493
Binningen,14889,7.56932,47.54021,494
Birsfelden,10045,7.62322,47.5529,527
Bottmingen,6356,7.57211,47.52343,494
Ettingen,4925,7.54982,47.48268,493
Münchenstein,11685,7.60966,47.51848,526
Muttenz,17342,7.64511,47.52271,526
Oberwil (BL),10981,7.55786,47.51407,493
Pfeffingen,2332,7.58975,47.45984,525
Reinach (BL),18349,7.59172,47.49702,526
Schönenbuch,1367,7.50572,47.53853,462
Therwil,9908,7.55286,47.50117,493
Blauen,692,7.51848,47.45023,492
Brislach,1600,7.5434,47.41763,492
Burg im Leimental,260,7.43808,47.45957,430
Dittingen,718,7.49619,47.44196,461
Duggingen,1491,7.60511,47.4518,525
Grellingen,1833,7.58906,47.44231,525
Laufen,5484,7.49946,47.42193,460
Liesberg,1162,7.42787,47.40398,429
Nenzlingen,418,7.55701,47.44739,492
Roggenburg,274,7.34282,47.43215,400
Röschenz,1837,7.48024,47.42366,460
Wahlen,1394,7.51511,47.40226,460
Zwingen,2248,7.53027,47.43825,492
Arisdorf,1648,7.76515,47.51323,593
Augst,922,7.71468,47.53557,560
Bubendorf,4332,7.73759,47.44586,592
Frenkendorf,6406,7.71648,47.50686,593
Füllinsdorf,4272,7.73129,47.50688,593
Giebenach,1035,7.73971,47.52299,593
Hersberg,325,7.78313,47.49209,625
Lausen,4978,7.7603,47.47139,592
Liestal,13795,7.73446,47.48455,592
Lupsingen,1409,7.69574,47.44433,558
Pratteln,15664,7.69356,47.52071,560
Ramlinsburg,692,7.76956,47.44913,592
Seltisberg,1308,7.71729,47.45947,592
Ziefen,1529,7.7053,47.42924,558
Anwil,575,7.94446,47.45053,689
Böckten,778,7.83263,47.46539,625
Buckten,689,7.84481,47.4099,657
Buus,989,7.86476,47.50542,659
Diepflingen,715,7.8364,47.44443,624
Gelterkinden,5885,7.85174,47.46497,658
Häfelfingen,271,7.866,47.41493,657
Hemmiken,269,7.89376,47.48882,659
Itingen,2041,7.78502,47.46651,592
Känerkinden,513,7.83716,47.41188,624
Kilchberg (BL),154,7.89396,47.42486,657
Läufelfingen,1275,7.85578,47.39457,657
Maisprach,930,7.84705,47.52457,659
Nusshof,259,7.80073,47.49144,625
Oltingen,473,7.93919,47.43297,689
Ormalingen,2083,7.87248,47.46936,658
Rickenbach (BL),579,7.84736,47.48596,625
Rothenfluh,766,7.92022,47.46201,658
Rümlingen,383,7.84839,47.42435,657
Rünenberg,773,7.8829,47.43477,657
Sissach,6534,7.84871,47.44237,624
Tecknau,852,7.88399,47.45132,658
Tenniken,889,7.81149,47.43712,624
Thürnen,1370,7.82785,47.45478,624
Wenslingen,722,7.90747,47.44067,689
Wintersingen,607,7.82409,47.49408,625
Wittinsburg,426,7.84128,47.42521,624
Zeglingen,476,7.90477,47.41631,657
Zunzgen,2464,7.80789,47.44925,624
Arboldswil,567,7.71755,47.41438,591
Bennwil,641,7.78114,47.40074,591
Bretzwil,775,7.65222,47.39783,557
Diegten,1609,7.81085,47.4138,624
Eptingen,528,7.81898,47.38474,623
Hölstein,2391,7.77136,47.42512,591
Lampenberg,486,7.75884,47.42559,591
Langenbruck,982,7.76802,47.34917,590
Lauwil,323,7.6754,47.38773,557
Liedertswil,160,7.72065,47.39051,557
Niederdorf,1763,7.74957,47.40945,591
Oberdorf (BL),2363,7.75122,47.39308,591
Reigoldswil,1562,7.68718,47.39824,557
Titterten,402,7.71617,47.40213,591
Waldenburg,1134,7.75,47.38333,590
Gächlingen,810,8.49878,47.70329,914
Löhningen,1374,8.55236,47.70121,946
Neunkirch,2044,8.49981,47.69012,914
Büttenhardt,346,8.6533,47.75706,1014
Dörflingen,962,8.72241,47.70604,1046
Lohn (SH),751,8.66847,47.75508,1014
Stetten (SH),1320,8.66298,47.74025,1013
Thayngen,5218,8.70724,47.74717,1014
Bargen (SH),289,8.61022,47.79189,981
Buchberg,823,8.56281,47.57282,943
Merishausen,858,8.61053,47.7601,980
Neuhausen am Rheinfall,10082,8.61474,47.68579,979
Rüdlingen,734,8.57191,47.57826,943
Schaffhausen,35151,8.63493,47.69732,979
Beggingen,476,8.53535,47.76737,947
Schleitheim,1662,8.51111,47.75,915
Siblingen,829,8.52011,47.71435,946
Buch (SH),315,8.78151,47.71744,1080
Hemishofen,457,8.82977,47.67659,1079
Ramsen,1344,8.80949,47.70797,1080
Stein am Rhein,3281,8.85964,47.65933,1113
Hallau,2035,8.45827,47.69648,914
Oberhallau,436,8.47853,47.7071,914
Trasadingen,591,8.42995,47.66862,884
Wilchingen,1692,8.46774,47.66745,914
Herisau,15383,9.27916,47.38615,1308
Hundwil,937,9.31847,47.36464,1333
Schönengrund,517,9.2269,47.32586,1279
Schwellbrunn,1486,9.24894,47.35255,1308
Stein (AR),1391,9.34353,47.37127,1334
Urnäsch,2205,9.2795,47.31669,1307
Waldstatt,1750,9.28345,47.35627,1308
Bühler,1675,9.42507,47.37348,1356
Gais,3026,9.45356,47.3615,1380
Speicher,4167,9.44335,47.4109,1381
Teufen (AR),6050,9.38644,47.3908,1356
Trogen,1659,9.46498,47.40782,1381
Grub (AR),985,9.50974,47.44765,1382
Heiden,4086,9.53293,47.44255,1406
Lutzenberg,1243,9.57613,47.46135,1407
Rehetobel,1660,9.483,47.42611,1382
Reute (AR),689,9.57313,47.4201,1406
Wald (AR),834,9.49099,47.4156,1381
Walzenhausen,2025,9.60495,47.44867,1427
Wolfhalden,1769,9.54815,47.4527,1407
Appenzell,5636,9.40996,47.33103,1355
Gonten,1376,9.34705,47.32725,1333
Rüte,3511,9.45589,47.3035,1379
Schlatt-Haslen,1104,9.38324,47.36275,1356
Schwende,2152,9.43674,47.30298,1379
Oberegg,1882,9.55134,47.42531,1406
Häggenschwil,1239,9.34487,47.49462,1336
Muolen,1184,9.32484,47.52102,1336
St. Gallen,72817,9.37477,47.42391,1357
Wittenbach,9516,9.38601,47.46108,1358
Berg (SG),834,9.40986,47.48667,1358
Eggersriet,2238,9.46901,47.44202,1382
Goldach,8967,9.46711,47.47401,1383
Mörschwil,3519,9.42278,47.47097,1358
Rorschach,9027,9.4903,47.478,1383
Rorschacherberg,7127,9.51116,47.47313,1407
Steinach,3490,9.43846,47.50178,1383
Tübach,1332,9.45462,47.48678,1383
Untereggen,1039,9.45099,47.45401,1382
Au (SG),7297,9.63448,47.43093,1427
Balgach,4424,9.60702,47.40556,1426
Rheineck,3266,9.59028,47.4663,1427
St. Margrethen,5692,9.63741,47.45253,1427
Thal,6291,7.63592,47.31095,522
Widnau,9235,9.63321,47.40834,1445
Altstätten,11120,9.54746,47.37766,1405
Eichberg,1516,9.5314,47.34374,1405
Marbach (SG),2119,9.5672,47.39167,1426
Oberriet (SG),8618,9.56808,47.32088,1404
Rebstein,4414,9.58503,47.39812,1426
Rüthi (SG),2225,9.53857,47.2948,1404
Buchs (SG),12175,9.47794,47.16743,1377
Gams,3267,9.44172,47.20429,1377
Grabs,6859,9.44395,47.18248,1377
Sennwald,5199,9.50268,47.26063,1403
Sevelen,4768,9.48601,47.12213,1376
Wartau,5181,9.48333,47.08333,1375
Bad Ragaz,5655,9.50266,47.00601,1398
Flums,4802,9.34301,47.09058,1328
Mels,8460,9.42318,47.04556,1350
Pfäfers,1560,9.50077,46.98986,1398
Quarten,2750,9.24199,47.107,1303
Sargans,5933,9.44103,47.04896,1374
Vilters-Wangs,4602,9.4253,47.0097,1349
Walenstadt,5478,9.19496,47.12287,1275
Amden,1733,9.14233,47.14888,1245
Benken (SG),2868,9.00735,47.19942,1177
Kaltbrunn,4664,9.0259,47.21367,1177
Schänis,3730,9.04549,47.15995,1212
Weesen,1554,9.09644,47.13447,1212
Schmerikon,3645,8.94836,47.22538,1142
Uznach,6171,8.98263,47.22421,1177
Rapperswil-Jona,26444,8.82228,47.22557,1071
Gommiswald,4881,9.02355,47.23128,1177
Eschenbach (SG),8980,8.92156,47.23981,1142
Ebnat-Kappel,4913,9.12473,47.26195,1247
Wildhaus-Alt St. Johann,2651,9.35402,47.20583,1330
Nesslau,3516,9.20124,47.2228,1277
Hemberg,902,9.17517,47.30062,1278
Lichtensteig,1883,9.08758,47.32381,1216
Oberhelfenschwil,1282,9.11076,47.35673,1249
Neckertal,3941,9.16402,47.34614,1279
Wattwil,8397,9.08657,47.29955,1215
Kirchberg (SG),8690,9.0402,47.41159,1217
Lütisburg,1421,9.08312,47.39451,1217
Mosnang,2750,9.04296,47.36252,1216
Bütschwil-Ganterschwil,4660,9.07213,47.36022,1216
Degersheim,3934,9.20019,47.37429,1280
Flawil,10248,9.18324,47.41301,1280
Jonschwil,3736,9.08689,47.42402,1217
Oberuzwil,6252,9.12724,47.43076,1250
Uzwil,12568,9.13422,47.43653,1250
Niederbüren,1502,9.20568,47.46547,1281
Niederhelfenschwil,2980,9.18543,47.47487,1281
Oberbüren,4202,9.15864,47.45192,1251
Zuzwil (SG),4746,9.11196,47.47452,1251
Wil (SG),23125,9.04552,47.46152,1218
Andwil (SG),1881,9.27436,47.43855,1309
Gaiserwald,8262,9.33333,47.45,1335
Gossau (SG),17649,9.25482,47.41551,1309
Waldkirch,3484,9.28665,47.46859,1310
Mutten,69,9.49996,46.67812,1392
Vaz/Obervaz,2697,9.55905,46.72215,1417
Lantsch/Lenz,517,9.5627,46.68413,1416
Schmitten (GR),238,9.67317,46.68686,1437
Bergün/Bravuogn,501,9.74762,46.62934,1468
Filisur,436,9.68801,46.67215,1454
Bivio,178,9.65088,46.46852,1433
Cunter,254,9.58978,46.60959,1415
Marmorera,30,9.64352,46.49724,1433
Mulegns,26,9.62087,46.52421,1434
Riom-Parsonz,301,9.54746,46.58258,1414
Salouf,206,9.57613,46.62445,1415
Savognin,983,9.59825,46.59636,1415
Tinizong-Rona,301,9.66078,46.57214,1435
Albula/Alvra,1313,9.8,46.55,1481
Brusio,1098,10.12385,46.25953,1543
Poschiavo,3416,10.05823,46.32441,1532
Falera,613,9.2302,46.8015,1297
Laax,1573,9.25787,46.80452,1297
Sagogn,682,9.25701,46.79371,1297
Schluein,547,9.22603,46.78819,1297
Andiast,201,9.11373,46.78454,1238
Obersaxen,818,9.1,46.75,1237
Waltensburg/Vuorz,335,9.1085,46.77367,1237
Mundaun,317,9.16047,46.74264,1267
Lumnezia,2027,9.1099,46.66292,1235
Ilanz/Glion,4463,9.20461,46.77413,1268
Rothenbrunnen,299,9.42608,46.76948,1369
Scharans,811,9.45903,46.71814,1368
Sils im Domleschg,919,9.45404,46.70041,1368
Cazis,1979,9.42881,46.72308,1368
Flerden,226,9.40825,46.70332,1343
Masein,474,9.42668,46.70357,1368
Thusis,2968,9.43938,46.69724,1368
Tschappina,125,9.38344,46.6869,1343
Urmein,139,9.40082,46.69175,1343
Safiental,895,9.30396,46.69624,1321
Domleschg,1932,9.46077,46.73536,1368
Hinterrhein,66,9.41183,46.55827,1365
Nufenen,153,9.24353,46.5394,1292
Splügen,380,9.3231,46.5531,1318
Sufers,125,9.3668,46.57091,1341
Andeer,912,9.42614,46.6034,1366
Casti-Wergenstein,52,9.35401,46.61593,1341
Lohn (GR),43,9.42731,46.65139,1367
Mathon,52,9.4138,46.63603,1342
Rongellen,59,9.44181,46.67436,1367
Zillis-Reischen,400,9.44477,46.63447,1366
Bonaduz,3161,9.39821,46.81103,1345
Domat/Ems,7832,9.45075,46.83483,1370
Rhäzüns,1410,9.39837,46.79861,1345
Felsberg,2455,9.47684,46.84424,1395
Flims,2673,9.28458,46.83705,1323
Tamins,1167,9.40648,46.82964,1346
Trin,1317,9.36164,46.82834,1346
Zernez,1547,10.09461,46.70087,1538
Samnaun,771,10.36058,46.94373,1577
Scuol,4610,10.30595,46.79676,1564
Valsot,902,10.39754,46.88372,1585
Bever,625,9.88333,46.55,1494
Celerina/Schlarigna,1527,9.85794,46.51217,1480
Madulain,228,9.93949,46.58772,1509
Pontresina,2152,9.90126,46.4955,1493
La Punt-Chamues-ch,734,9.92015,46.57887,1495
Samedan,2965,9.87276,46.53399,1494
St. Moritz,5016,9.83909,46.4984,1480
S-chanf,697,9.98354,46.61179,1509
Sils im Engadin/Segl,746,9.76364,46.42886,1464
Silvaplana,1084,9.79514,46.4581,1479
Zuoz,1133,9.95885,46.60209,1509
Bregaglia,1522,9.5,46.33333,1385
Buseno,92,9.10735,46.27381,1228
Rossa,147,9.12363,46.37139,1230
Santa Maria in Calanca,101,9.14886,46.26623,1258
Lostallo,761,9.19663,46.31301,1259
Mesocco,1329,9.23333,46.3939,1289
Soazza,332,9.22199,46.36637,1289
Grono,1003,9.14829,46.24832,1258
Leggia,138,9.16354,46.26315,1258
Roveredo (GR),2444,9.12748,46.23653,1227
San Vittore,757,9.10684,46.23709,1227
Verdabbio,162,9.15723,46.26846,1258
Calanca,185,9.14886,46.26623,1258
Val Müstair,1498,10.44624,46.62683,1581
Davos,11020,9.83723,46.80429,1486
Fideris,589,9.7427,46.91518,1459
Furna,208,9.67874,46.93694,1442
Jenaz,1148,9.71275,46.92892,1459
Klosters-Serneus,3762,9.83826,46.88918,1487
Conters im Prättigau,215,9.78333,46.9,1473
Küblis,855,9.77199,46.91368,1473
Saas,729,7.92741,46.10805,663
Luzein,1202,9.7608,46.91957,1473
St. Antönien,328,9.81234,46.96983,1489
Chur,34004,9.53287,46.84986,1395
Churwalden,1990,9.54377,46.78143,1394
Arosa,3162,9.67621,46.77793,1456
Maladers,502,9.55997,46.83579,1419
Tschiertschen-Praden,308,9.60638,46.81766,1419
Haldenstein,1018,9.52618,46.87867,1396
Trimmis,3174,9.56236,46.89907,1421
Untervaz,2429,9.53422,46.9275,1397
Zizers,3315,9.56491,46.93575,1421
Fläsch,709,9.51365,47.02567,1398
Jenins,903,9.55657,47.00149,1398
Maienfeld,2739,9.53115,47.00472,1398
Malans,2306,9.57527,46.98096,1422
Landquart,8731,9.55472,46.95942,1397
Grüsch,1968,9.64639,46.97965,1443
Schiers,2605,9.6872,46.96973,1460
Seewis im Prättigau,1385,9.63775,46.99023,1443
Breil/Brigels,1232,9.06036,46.76986,1205
Disentis/Mustér,2021,8.8509,46.70341,1095
Medel (Lucmagn),376,8.85515,46.62419,1094
Sumvitg,1194,8.93884,46.72845,1132
Tujetsch,1304,8.7323,46.65046,1026
Trun,1173,8.98716,46.74292,1168
Aarau,20253,8.04422,47.39254,748
Biberstein,1458,8.08302,47.41883,749
Buchs (AG),7605,8.08233,47.39358,748
Densbüren,685,8.0533,47.4526,749
Erlinsbach (AG),3919,8.01515,47.40523,719
Gränichen,7349,8.10243,47.3593,777
Hirschthal,1558,8.05281,47.32178,747
Küttigen,5960,8.04767,47.41566,719
Muhen,3772,8.05408,47.33671,747
Oberentfelden,7600,8.04594,47.35639,718
Suhr,9682,8.07967,47.37172,748
Unterentfelden,4035,8.0427,47.36836,718
Bellikon,1540,8.34934,47.3916,854
Bergdietikon,2678,8.38624,47.38921,880
Birmenstorf (AG),2896,8.24816,47.46152,831
Ennetbaden,3290,8.32399,47.48055,856
Fislisbach,5470,8.29687,47.43904,831
Freienwil,975,8.32768,47.50297,856
Gebenstorf,4941,8.23949,47.48136,806
Killwangen,1940,8.34805,47.43182,855
Künten,1659,8.33105,47.3889,854
Mägenwil,2061,8.23297,47.41252,805
Mellingen,5291,8.27331,47.41903,830
Neuenhof,8705,8.32577,47.4526,855
Niederrohrdorf,3663,8.30643,47.42352,830
Oberrohrdorf,4006,8.32051,47.42513,855
Obersiggenthal,8493,8.29652,47.4875,832
Remetschwil,2037,8.33192,47.40832,855
Spreitenbach,11139,8.36301,47.42016,855
Stetten (AG),2132,8.30189,47.40166,830
Turgi,2949,8.25412,47.49201,832
Untersiggenthal,7060,8.25554,47.50213,832
Wettingen,19961,8.31636,47.47049,856
Wohlenschwil,1498,8.25726,47.41368,830
Würenlingen,4544,8.25666,47.53356,832
Würenlos,6133,8.36439,47.44208,855
Ehrendingen,4707,8.34729,47.5025,856
Arni (AG),1830,8.42465,47.31821,878
Berikon,4553,8.37209,47.35137,879
Bremgarten (AG),7703,8.34214,47.35109,853
Büttikon,975,8.26946,47.32856,828
Dottikon,3848,8.23981,47.38437,804
Eggenwil,946,8.33948,47.3704,854
Fischbach-Göslikon,1620,8.31108,47.36912,854
Hägglingen,2391,8.25323,47.38849,830
Jonen,2005,8.39337,47.2974,878
Niederwil (AG),2740,8.2923,47.38039,829
Oberlunkhofen,1904,8.39142,47.3115,878
Oberwil-Lieli,2194,8.38123,47.33382,853
Rudolfstetten-Friedlisberg,4355,8.38083,47.37101,879
Sarmenstorf,2776,8.24949,47.31022,828
Tägerig,1445,8.27677,47.40565,830
Uezwil,462,8.27163,47.3169,828
Unterlunkhofen,1294,8.38102,47.3212,878
Villmergen,6942,8.24583,47.34917,829
Wohlen (AG),15379,8.27877,47.35236,829
Zufikon,4339,8.36029,47.34756,853
Islisberg,629,8.44142,47.32203,907
Auenstein,1545,8.13455,47.41558,778
Birr,4359,8.20801,47.43587,805
Birrhard,695,8.24498,47.43285,805
Bözen,721,8.08333,47.49528,750
Brugg,11007,7.27887,47.1237,364
Effingen,609,8.10286,47.48868,750
Elfingen,276,8.10219,47.50998,750
Habsburg,407,8.18503,47.46228,779
Hausen (AG),3379,8.20988,47.46396,806
Lupfig,2280,8.20378,47.44069,805
Mandach,314,8.18903,47.54783,807
Mönthal,388,8.14035,47.517,780
Mülligen,1042,8.2392,47.45575,831
Remigen,1049,8.185,47.5186,780
Riniken,1458,8.18673,47.49395,806
Rüfenach,863,8.20903,47.50712,806
Scherz,648,8.18419,47.44687,805
Schinznach-Bad,1251,8.16833,47.44992,779
Thalheim (AG),799,8.10027,47.43534,749
Veltheim (AG),1427,8.14722,47.43796,779
Villigen,2008,8.21486,47.52682,807
Villnachern,1554,8.15975,47.47098,779
Windisch,7261,8.21842,47.47899,806
Bözberg,1557,8.15143,47.49549,780
Schinznach,2211,8.14089,47.4465,779
Beinwil am See,3005,8.20506,47.26059,802
Birrwil,1123,8.20004,47.2886,802
Burg (AG),966,8.17797,47.23389,801
Dürrenäsch,1208,8.1585,47.31812,776
Gontenschwil,2051,8.14396,47.27166,775
Holziken,1298,8.0343,47.31951,717
Leimbach (AG),470,8.17005,47.27487,802
Leutwil,754,8.17408,47.30826,776
Menziken,5799,8.19047,47.24249,801
Oberkulm,2639,8.12591,47.29839,776
Reinach (AG),8040,8.18845,47.25944,802
Schlossrued,807,8.0884,47.29119,746
Schmiedrued,1149,8.11167,47.26315,775
Schöftland,4168,8.05138,47.30572,717
Teufenthal (AG),1556,8.12074,47.32863,776
Unterkulm,2917,8.11371,47.30998,776
Zetzwil,1304,8.15095,47.28824,776
Eiken,2159,7.98883,47.53394,721
Frick,5233,8.02471,47.51169,721
Gansingen,984,8.13478,47.54444,781
Gipf-Oberfrick,3521,8.00497,47.49875,721
Herznach,1414,8.04751,47.47148,720
Hornussen,928,8.06125,47.50025,750
Kaisten,2564,8.04491,47.539,751
Laufenburg,3416,8.03878,47.51844,721
Münchwilen (AG),891,7.96409,47.53573,691
Oeschgen,934,8.01899,47.52307,721
Schwaderloch,672,8.14455,47.58541,781
Sisseln,1537,7.9917,47.55313,722
Ueken,894,8.04438,47.48452,750
Wittnau,1198,7.96607,47.47709,690
Wölflinswil,996,7.99835,47.4607,720
Zeihen,1094,8.08313,47.47536,750
Mettauertal,1915,8.14319,47.5618,781
Ammerswil,678,8.20737,47.36818,804
Boniswil,1400,8.18963,47.31725,803
Brunegg,727,8.2158,47.42125,805
Dintikon,2152,8.22181,47.3616,804
Egliswil,1332,8.18802,47.34954,803
Fahrwangen,1994,8.24215,47.29477,828
Hallwil,786,8.21577,47.28413,802
Hendschiken,1150,8.21782,47.38648,804
Holderbank (AG),1141,8.17063,47.43093,778
Hunzenschwil,3846,8.12293,47.38417,778
Lenzburg,9039,8.1891,47.37184,804
Meisterschwanden,2782,8.22867,47.29489,802
Möriken-Wildegg,4351,8.18446,47.41556,805
Niederlenz,4504,8.1764,47.40079,778
Othmarsingen,2668,8.21852,47.40149,804
Rupperswil,5109,8.12877,47.40131,778
Schafisheim,2893,8.14076,47.37529,777
Seengen,3750,8.20509,47.32852,803
Staufen,2912,8.16606,47.38372,778
Abtwil,961,8.35374,47.17397,850
Aristau,1370,8.36356,47.28692,852
Auw,1954,8.36583,47.21082,851
Beinwil (Freiamt),1071,8.3392,47.22956,851
Besenbüren,603,8.34586,47.31439,853
Bettwil,566,8.2679,47.29064,828
Boswil,2754,8.30881,47.30381,828
Bünzen,1028,8.32253,47.32004,853
Buttwil,1171,8.31064,47.26828,852
Dietwil,1275,8.39355,47.14665,875
Geltwil,201,8.32598,47.24901,851
Kallern,328,8.29011,47.30948,828
Merenschwand,3339,8.37532,47.2587,877
Mühlau,1058,8.38887,47.23471,877
Muri (AG),7480,8.33854,47.27428,852
Oberrüti,1498,8.39441,47.16673,875
Rottenschwil,802,8.36137,47.31375,853
Sins,4208,8.39578,47.19216,876
Waltenschwil,2747,8.30344,47.33493,853
Hellikon,803,7.92423,47.50943,690
Kaiseraugst,5463,7.72605,47.53966,593
Magden,3916,7.81128,47.52868,626
Möhlin,10745,7.84329,47.55915,660
Mumpf,1300,7.92123,47.54563,691
Obermumpf,1049,7.93762,47.52937,691
Rheinfelden,12979,7.78715,47.56013,594
Schupfart,760,7.96577,47.51372,690
Stein (AG),3046,7.95275,47.54517,691
Wallbach,1887,7.89785,47.56806,660
Wegenstetten,1057,7.93159,47.49794,690
Zeiningen,2262,7.87179,47.54143,660
Zuzgen,852,7.89986,47.52508,659
Aarburg,7580,7.89986,47.32067,655
Attelwil,281,8.04469,47.26223,716
Bottenwil,773,8.00464,47.28541,717
Brittnau,3812,7.94689,47.25954,686
Kirchleerau,835,8.07405,47.27724,746
Kölliken,4240,8.02644,47.33882,718
Moosleerau,905,8.06405,47.26904,746
Murgenthal,2856,7.83935,47.27145,621
Oftringen,13113,7.92533,47.31382,687
Reitnau,1238,8.04889,47.25102,716
Rothrist,8557,7.89196,47.30508,655
Safenwil,3660,7.98122,47.3214,717
Staffelbach,1075,8.0387,47.28306,746
Strengelbach,4539,7.92895,47.27917,686
Uerkheim,1343,8.02371,47.30289,717
Vordemwald,1879,7.90114,47.27585,654
Wiliberg,167,8.02139,47.26869,716
Zofingen,11107,7.94586,47.28779,686
Baldingen,269,8.31667,47.55555,833
Böbikon,163,8.33472,47.55555,857
Böttstein,3876,8.22258,47.55544,807
Döttingen,3744,8.25846,47.57091,833
Endingen,2512,8.29028,47.53889,833
Fisibach,439,8.40972,47.56389,883
Full-Reuenthal,859,8.20473,47.61606,808
Kaiserstuhl,390,8.418,47.56839,883
Klingnau,3264,8.25048,47.57998,833
Leibstadt,1259,8.17611,47.5879,808
Lengnau (AG),2647,8.33056,47.52222,857
Leuggern,2112,8.21945,47.58195,808
Mellikon,260,8.35417,47.56944,858
Rekingen (AG),939,8.3188,47.57009,833
Rietheim,734,8.28333,47.6,834
Rümikon,291,8.3754,47.56558,883
Schneisingen,1326,8.36667,47.51944,857
Siglistorf,613,8.38064,47.54533,857
Tegerfelden,1152,8.28914,47.55809,833
Wislikofen,353,8.36389,47.55833,857
Bad Zurzach,4091,8.29365,47.58764,833
Arbon,14006,9.43333,47.51667,1359
Dozwil,673,9.32336,47.57665,1337
Egnach,4519,9.38048,47.54268,1359
Hefenhofen,1213,9.31366,47.56,1337
Kesswil,996,9.31723,47.5935,1338
Roggwil (TG),2928,9.3958,47.49981,1359
Romanshorn,10498,9.37869,47.56586,1360
Salmsach,1393,9.37229,47.55433,1337
Sommeri,510,9.28383,47.57125,1312
Uttwil,1817,9.34101,47.5844,1338
Amriswil,12892,9.29586,47.54699,1311
Bischofszell,5794,9.23882,47.49575,1282
Erlen,3561,9.23415,47.54814,1283
Hauptwil-Gottshaus,1884,9.25066,47.48015,1310
Hohentannen,610,9.22472,47.51644,1282
Kradolf-Schönenberg,3489,9.1986,47.52139,1282
Sulgen,3615,9.18585,47.53967,1283
Zihlschlacht-Sitterdorf,2225,9.26776,47.51401,1311
Basadingen-Schlattingen,1817,8.74821,47.66868,1046
Diessenhofen,3633,8.74958,47.68908,1046
Schlatt (TG),1629,8.70332,47.66134,1012
Aadorf,8706,8.90099,47.49204,1110
Felben-Wellhausen,2668,8.94221,47.57914,1148
Frauenfeld,24301,8.89893,47.55776,1112
Gachnang,3958,8.85311,47.53935,1111
Hüttlingen,828,8.98081,47.57803,1184
Matzingen,2595,8.93365,47.51957,1147
Neunforn,947,8.77196,47.60232,1044
Stettfurt,1157,8.95317,47.52588,1147
Thundorf,1411,8.96358,47.54594,1148
Uesslingen-Buch,1081,8.83099,47.58146,1077
Warth-Weiningen,1232,8.88191,47.58811,1112
Altnau,2135,9.2616,47.61052,1313
Bottighofen,2154,9.20882,47.63643,1285
Ermatingen,3147,9.08573,47.67057,1222
Gottlieben,324,9.12736,47.66452,1255
Güttingen,1560,9.28742,47.60349,1312
Kemmental,2369,9.14126,47.60801,1254
Kreuzlingen,21152,9.17504,47.65051,1254
Langrickenbach,1265,9.24727,47.59353,1312
Lengwil,1643,9.19242,47.62519,1284
Münsterlingen,3161,9.23271,47.63197,1285
Tägerwilen,4325,9.13999,47.65698,1254
Wäldi,1026,9.09504,47.63421,1222
Affeltrangen,2476,9.03307,47.52581,1183
Bettwiesen,1134,9.0285,47.49718,1182
Bichelsee-Balterswil,2777,8.92434,47.44902,1146
Eschlikon,4211,8.96381,47.46361,1146
Fischingen,2598,8.96862,47.41422,1145
Lommis,1217,8.99669,47.51729,1183
Münchwilen (TG),5181,8.99677,47.47719,1182
Rickenbach (TG),2734,9.04843,47.44939,1218
Schönholzerswilen,807,9.14089,47.51702,1252
Sirnach,7605,8.99763,47.46222,1182
Tobel-Tägerschen,1544,9.03209,47.50914,1183
Wängi,4511,8.95325,47.49654,1147
Wilen (TG),2435,9.03419,47.45142,1218
Wuppenau,1112,9.10904,47.49633,1219
Berlingen,855,9.01969,47.67388,1186
Eschenz,1704,8.87472,47.64793,1113
Herdern,1012,8.91077,47.60304,1149
Homburg,1506,9.00756,47.63469,1185
Hüttwilen,1655,8.87343,47.60674,1112
Mammern,625,8.91519,47.64625,1113
Müllheim,2856,9.00357,47.60195,1184
Pfyn,1910,8.9542,47.59693,1149
Raperswilen,391,9.04261,47.63241,1185
Salenstein,1275,9.05736,47.65937,1222
Steckborn,3660,8.98333,47.66667,1150
Wagenhausen,1655,8.84782,47.66003,1079
Amlikon-Bissegg,1314,9.04784,47.56257,1220
Berg (TG),3252,9.16635,47.57879,1253
Birwinken,1347,9.21467,47.57648,1283
Bürglen (TG),3633,9.1495,47.54921,1252
Bussnang,2244,9.08157,47.55678,1220
Märstetten,2740,9.06851,47.59252,1221
Weinfelden,10968,9.15713,47.54237,1252
Wigoltingen,2349,9.03141,47.5977,1184
Arbedo-Castione,4754,9.07764,46.2013,1226
Bellinzona,17988,9.01703,46.19278,1194
Cadenazzo,2723,8.94719,46.15172,1156
Camorino,2780,9.00547,46.16483,1193
Giubiasco,8486,9.00793,46.17246,1157
Gnosca,732,9.02218,46.23353,1195
Gorduno,780,9.03076,46.21631,1194
Lumino,1413,9.0642,46.2302,1227
Moleno,123,8.99368,46.26771,1159
Monte Carasso,2826,8.99892,46.18649,1157
Pianezzo,592,9.02522,46.17006,1193
Preonzo,611,9.00505,46.26187,1195
Sementina,3101,8.99162,46.18363,1157
Acquarossa,1830,8.94261,46.45473,1127
Blenio,1766,8.94609,46.47613,1127
Airolo,1562,8.61189,46.52855,957
Bedretto,94,8.51137,46.50596,923
Faido,2816,8.80125,46.477,1056
Giornico,869,8.87369,46.40141,1089
Personico,340,8.91609,46.37204,1125
Pollegio,728,8.94839,46.36486,1125
Prato (Leventina),412,8.757,46.4824,1056
Sobrio,77,8.90064,46.3988,1126
Ascona,5356,8.77327,46.15451,1050
Brione (Verzasca),178,8.79173,46.29525,1053
Brione sopra Minusio,486,8.81421,46.18417,1085
Brissago,1711,8.71181,46.12013,1016
Corippo,13,8.84073,46.23593,1086
Gordola,4454,8.86657,46.18256,1085
Gresso,38,8.61631,46.2249,951
Lavertezzo,1318,8.83756,46.25893,1086
Locarno,15637,8.79953,46.17086,1050
Losone,6473,8.75928,46.16866,1050
Mergoscia,215,8.84777,46.21061,1086
Minusio,7075,8.81473,46.17769,1085
Mosogno,52,8.64159,46.19877,984
Muralto,2636,8.80219,46.17323,1050
Orselina,734,8.79979,46.18013,1050
Ronco sopra Ascona,610,8.72793,46.14624,1016
Sonogno,91,8.78514,46.3504,1054
Tenero-Contra,2844,8.84487,46.18446,1085
Vergeletto,59,8.60208,46.22706,951
Vogorno,275,8.85661,46.21191,1086
Onsernone,236,8.58662,46.2035,950
Isorno,298,8.71667,46.18333,1017
Cugnasco-Gerra,2902,8.80134,46.31709,1053
Aranno,347,8.87069,46.01798,1082
Arogno,985,8.98441,45.95909,1153
Bedano,1536,8.91935,46.05122,1119
Bedigliora,624,8.83927,46.00242,1082
Bioggio,2578,8.91438,46.01961,1118
Brusino Arsizio,480,8.93875,45.93026,1152
Cademario,741,8.8924,46.02264,1118
Cadempino,1519,8.93403,46.03672,1154
Canobbio,2122,8.96605,46.03592,1154
Caslano,4235,8.87739,45.97364,1081
Comano,2058,8.95526,46.03635,1154
Croglio,868,8.84229,45.98835,1081
Cureglia,1347,8.94437,46.03736,1154
Grancia,518,8.92691,45.96809,1153
Gravesano,1255,8.91832,46.04208,1119
Lamone,1765,8.93158,46.0453,1119
Lugano,62535,8.96004,46.01008,1154
Magliaso,1464,8.88796,45.98122,1118
Manno,1290,8.91824,46.02885,1119
Maroggia,623,8.97055,45.93521,1152
Massagno,6084,8.94354,46.01257,1154
Melide,1783,8.94725,45.95455,1153
Mezzovico-Vira,1336,8.91134,46.09694,1120
Miglieglia,309,8.85738,46.02379,1082
Monteggio,885,8.80366,45.99614,1048
Morcote,755,8.916,45.925,1117
Muzzano,812,8.92709,45.99622,1118
Neggio,326,8.8797,45.98709,1118
Novaggio,817,8.8561,46.0102,1082
Origlio,1439,8.94656,46.0534,1155
Ponte Capriasca,1865,8.94819,46.06055,1155
Ponte Tresa,786,8.85927,45.97167,1081
Porza,1602,8.94989,46.0268,1154
Rovio,805,8.98699,45.93309,1152
Savosa,2196,8.94467,46.01917,1154
Sorengo,1584,8.93783,45.99766,1118
Capriasca,6430,8.95609,46.06507,1155
Torricella-Taverne,3045,8.91244,46.06831,1119
Vico Morcote,374,8.91935,45.92817,1117
Collina d'Oro,4643,8.91976,45.97719,1118
Alto Malcantone,1407,8.87645,46.05425,1119
Monteceneri,4611,8.92112,46.11255,1120
Balerna,3324,9.00724,45.84638,1187
Chiasso,7894,9.03119,45.83203,1187
Coldrerio,2820,8.98772,45.854,1151
Mendrisio,14671,8.9816,45.87019,1151
Morbio Inferiore,4585,9.01907,45.84915,1187
Riva San Vitale,2582,8.97167,45.90123,1152
Stabio,4569,8.93642,45.84846,1151
Vacallo,3362,9.03335,45.84466,1187
Breggia,2027,9.04672,45.89292,1188
Biasca,6079,8.96965,46.35972,1160
Cresciano,687,9.00261,46.27875,1159
Iragna,565,8.96656,46.32571,1160
Osogna,1040,8.98579,46.31208,1160
Bosco/Gurin,51,8.49123,46.31696,919
Campo (Vallemaggia),56,8.49577,46.28855,887
Cerentino,52,8.54526,46.30817,919
Cevio,1141,8.60332,46.31479,953
Linescio,49,8.58221,46.30921,952
Maggia,2550,8.7062,46.24689,1018
Lavizzara,536,8.64263,46.42053,988
Avegno Gordevio,1435,8.74309,46.22604,1018
Terre di Pedemonte,2577,8.72402,46.19281,1017
Centovalli,1129,8.65902,46.16036,983
Gambarogno,5091,8.83055,46.11221,1084
Bex,7166,7.0098,46.24965,221
Chessel,391,6.89696,46.3496,163
Corbeyrier,410,6.96017,46.35013,191
Gryon,1257,7.05975,46.27377,254
Lavey-Morcles,890,7.03631,46.20871,220
Leysin,2674,7.01151,46.34183,223
Ollon,6786,6.99314,46.29524,222
Ormont-Dessous,1114,7.07022,46.3766,256
Ormont-Dessus,1457,7.16285,46.34693,288
Rennaz,834,6.91604,46.3748,164
Roche (VD),1524,6.93272,46.36091,191
Villeneuve (VD),5461,6.92654,46.39869,164
Yvorne,1006,6.95872,46.33122,190
Apples,1330,6.42889,46.55237,59
Aubonne,3219,6.39155,46.49514,50
Ballens,505,6.3731,46.55485,51
Berolle,291,6.33628,46.55857,45
Bière,1553,6.33362,46.53761,44
Bougy-Villars,482,6.35359,46.48188,50
Féchy,853,6.37397,46.47636,50
Gimel,1812,6.30736,46.50945,44
Longirod,464,6.25843,46.49497,36
Marchissy,449,6.24659,46.48811,36
Mollens (VD),295,6.3632,46.5776,52
Montherod,492,6.3615,46.5017,50
Saint-Livres,711,6.38753,46.50794,50
Saint-Oyens,346,6.30334,46.49937,44
Saubraz,386,6.3307,46.51635,44
Avenches,4017,7.04071,46.88004,233
Cudrefin,1501,7.01855,46.95577,235
Faoug,858,7.07803,46.90829,266
Vully-les-Lacs,2807,7.01245,46.92098,234
Bettens,557,6.57342,46.62831,81
Bournens,372,6.56406,46.60894,81
Boussens,960,6.58596,46.6035,81
La Chaux (Cossonay),421,6.47223,46.61844,60
Chavannes-le-Veyron,120,6.45086,46.607,60
Cossonay,3639,6.50631,46.61443,70
Cottens (VD),473,6.4564,46.57251,59
Cuarnens,436,6.43859,46.62545,60
Daillens,940,6.54871,46.62115,81
Eclépens,1036,6.53579,46.64819,71
Ferreyres,311,6.48485,46.65886,71
Gollion,866,6.50974,46.58518,70
Grancy,396,6.46391,46.59214,59
Lussery-Villars,421,6.52555,46.63284,71
Mauraz,49,6.42108,46.60582,60
Mex (VD),669,6.55452,46.57592,80
Moiry,289,6.4537,46.65026,60
Mont-la-Ville,383,6.40898,46.64661,53
Montricher,957,6.37695,46.60005,52
Orny,359,6.52639,46.66758,71
Pampigny,1122,6.42941,46.58093,59
Penthalaz,3198,6.52519,46.61077,70
Penthaz,1652,6.54135,46.59875,70
Pompaples,787,6.51009,46.66758,71
La Sarraz,2516,6.51077,46.65863,71
Senarclens,432,6.48537,46.59786,70
Sévery,227,6.44171,46.57347,59
Sullens,924,6.56687,46.59557,80
Vufflens-la-Ville,1195,6.53716,46.57515,80
Assens,1026,6.62184,46.61301,92
Bercher,1128,6.70833,46.69218,106
Bioley-Orjulaz,447,6.59849,46.62138,81
Bottens,1223,6.66149,46.61596,92
Bretigny-sur-Morrens,768,6.64314,46.59981,92
Cugy (VD),2712,6.64089,46.58624,92
Echallens,5586,6.63317,46.6413,93
Essertines-sur-Yverdon,944,6.6447,46.71767,94
Etagnières,1140,6.60646,46.60152,92
Fey,636,6.68027,46.67383,106
Froideville,2427,6.68457,46.60015,104
Morrens (VD),1053,6.62229,46.59089,92
Oulens-sous-Echallens,525,6.57703,46.64378,81
Pailly,533,6.6754,46.70123,106
Penthéréaz,389,6.6039,46.68171,82
Poliez-Pittet,806,6.68813,46.62735,105
Rueyres,265,6.69213,46.69337,106
Saint-Barthélemy (VD),730,6.60212,46.63484,81
Villars-le-Terroir,1030,6.64389,46.65817,93
Vuarrens,913,6.64793,46.68578,94
Montilliez,1654,6.67991,46.64601,105
Goumoëns,1016,6.60398,46.65922,93
Bonvillars,502,6.67128,46.83976,109
Bullet,605,6.55403,46.83119,85
Concise,949,6.71968,46.85027,109
Corcelles-près-Concise,328,6.69988,46.85326,109
Fiez,417,6.62333,46.82716,96
Fontaines-sur-Grandson,191,6.59985,46.85618,97
Grandevent,232,6.60324,46.83793,85
Grandson,3209,6.646,46.80946,96
Mauborget,119,6.61632,46.8559,97
Mutrux,154,6.72659,46.88085,110
Novalles,102,6.59506,46.82837,85
Onnens (VD),490,6.68896,46.83894,109
Sainte-Croix,4679,6.50283,46.82203,74
Tévenon,793,6.63414,46.86462,97
Belmont-sur-Lausanne,3576,6.67636,46.51891,103
Cheseaux-sur-Lausanne,4281,6.60587,46.58624,92
Crissier,7382,6.57125,46.55165,80
Epalinges,9144,6.66829,46.55177,91
Jouxtens-Mézery,1414,6.59605,46.55185,91
Lausanne,132019,6.63282,46.516,90
Le Mont-sur-Lausanne,7150,6.63145,46.55815,91
Paudex,1489,6.66819,46.50548,90
Prilly,11901,6.60456,46.53698,91
Pully,17452,6.66183,46.51027,90
Renens (VD),20265,6.5881,46.53989,79
Romanel-sur-Lausanne,3309,6.60453,46.56667,91
Chexbres,2137,6.77805,46.48208,122
Forel (Lavaux),2083,6.81667,46.55,144
Lutry,9470,6.68647,46.50241,103
Puidoux,2849,6.78249,46.50093,122
Rivaz,362,6.77878,46.47629,122
Saint-Saphorin (Lavaux),381,6.79318,46.47902,143
Bourg-en-Lavaux,5204,6.70901,46.49575,102
Aclens,516,6.51091,46.56825,69
Bremblens,507,6.52062,46.54665,69
Buchillon,623,6.42271,46.47062,57
Bussigny,8200,6.55597,46.5511,80
Bussy-Chardonney,377,6.44097,46.53086,58
Chavannes-près-Renens,7286,6.57068,46.53005,79
Chigny,331,6.47659,46.51971,58
Denens,708,6.45289,46.51771,58
Denges,1653,6.53932,46.52198,79
Echandens,2648,6.53704,46.53947,69
Echichens,2480,6.49681,46.53031,69
Ecublens (VD),11489,6.56261,46.52899,79
Etoy,2793,6.41816,46.48587,57
Lavigny,920,6.41091,46.50118,50
Lonay,2530,6.51944,46.52877,69
Lully (VD),760,6.46479,46.50513,58
Lussy-sur-Morges,627,6.45,46.50409,58
Morges,15371,6.49854,46.51127,68
Préverenges,5236,6.52682,46.51854,68
Reverolle,357,6.44054,46.54276,58
Romanel-sur-Morges,458,6.51059,46.55657,69
Saint-Prex,5528,6.45992,46.47963,57
Saint-Sulpice (VD),3818,6.55897,46.51047,79
Tolochenaz,1852,6.47279,46.50504,68
Vaux-sur-Morges,203,6.46393,46.53853,58
Villars-Sainte-Croix,709,6.56325,46.56734,80
Villars-sous-Yens,564,6.43015,46.50694,58
Vufflens-le-Château,820,6.47206,46.52627,58
Vullierens,451,6.48193,46.57397,69
Yens,1379,6.4185,46.51901,58
Boulens,324,6.71909,46.68225,106
Brenles,142,6.8538,46.67114,147
Bussy-sur-Moudon,198,6.80959,46.69047,147
Chavannes-sur-Moudon,222,6.80964,46.65874,147
Chesalles-sur-Moudon,166,6.83655,46.67465,147
Cremin,58,6.8425,46.72414,148
Curtilles,311,6.84505,46.70108,147
Dompierre (VD),247,6.88313,46.70829,170
Forel-sur-Lucens,152,6.82421,46.72635,148
Hermenches,364,6.76271,46.64027,125
Lovatens,150,6.86072,46.69203,147
Lucens,3293,6.83931,46.70854,148
Moudon,5754,6.80127,46.66947,147
Ogens,283,6.72448,46.70844,126
Prévonloup,171,6.88529,46.70081,170
Rossenges,65,6.77597,46.6535,125
Sarzens,80,6.84738,46.68134,147
Syens,139,6.77689,46.64406,125
Villars-le-Comte,150,6.80136,46.7131,126
Vucherens,543,6.77987,46.62319,124
Montanaire,2408,6.75493,46.69719,126
Arnex-sur-Nyon,219,6.18989,46.3729,24
Arzier-Le Muids,2538,6.20813,46.45962,26
Begnins,1793,6.24762,46.44152,35
Bogis-Bossey,887,6.16603,46.35374,24
Borex,1074,6.1762,46.37891,24
Chavannes-de-Bogis,1295,6.15448,46.34004,14
Chavannes-des-Bois,870,6.1367,46.31692,14
Chéserex,1189,6.17397,46.39928,25
Coinsins,435,6.23733,46.42335,35
Commugny,2850,6.17119,46.32105,23
Coppet,3102,6.19114,46.31682,23
Crans-près-Céligny,2161,6.20532,46.36432,24
Crassier,1172,6.16367,46.37465,24
Duillier,1026,6.22979,46.40924,34
Eysins,1501,6.20695,46.3817,24
Founex,3598,6.19243,46.33277,23
Genolier,1909,6.21809,46.43537,35
Gingins,1217,6.17809,46.4091,25
Givrins,971,6.20213,46.42969,25
Gland,12698,6.2701,46.42082,42
Grens,386,6.19114,46.39401,25
Mies,1933,6.16332,46.30355,23
Nyon,19935,6.23955,46.38318,34
Prangins,4010,6.2496,46.39518,34
La Rippe,1141,6.15046,46.38096,15
Saint-Cergue,2417,6.15737,46.4459,26
Signy-Avenex,501,6.20417,46.39263,25
Tannay,1586,6.17732,46.30876,23
Trélex,1421,6.20813,46.41538,25
Le Vaud,1240,6.23603,46.47753,36
Vich,893,6.25013,46.42925,35
Agiez,308,6.50751,46.72103,72
Arnex-sur-Orbe,614,6.51687,46.69,72
Ballaigues,1046,6.41556,46.73055,62
Baulmes,1025,6.52279,46.79031,74
Bavois,941,6.5671,46.68403,82
Bofflens,186,6.49478,46.7031,72
Bretonnières,251,6.46964,46.71236,72
Chavornay,4156,6.5694,46.70244,82
Les Clées,179,6.47141,46.73308,62
Corcelles-sur-Chavornay,336,6.60463,46.70273,94
Croy,315,6.47676,46.695,72
Juriens,301,6.44569,46.68846,61
Lignerolle,389,6.45842,46.74291,62
Montcherand,474,6.5082,46.73363,73
Premier,185,6.44991,46.70575,61
Rances,460,6.52966,46.76068,73
Romainmôtier-Envy,528,6.46086,46.69393,61
Sergey,144,6.50127,46.7493,73
Valeyres-sous-Rances,600,6.5354,46.74824,73
Vallorbe,3636,6.37894,46.71256,54
Vaulion,488,6.38941,46.68913,54
Vuiteboeuf,545,6.55043,46.80922,84
Carrouge (VD),1206,6.77067,46.60457,124
Corcelles-le-Jorat,421,6.72625,46.6338,105
Essertes,326,6.78645,46.56194,123
Ferlens (VD),335,6.7808,46.58808,124
Maracon,444,6.87097,46.55,167
Mézières (VD),1203,6.76575,46.59148,124
Montpreveyres,623,6.74114,46.58264,124
Ropraz,407,6.75347,46.61462,124
Vulliens,460,6.79596,46.62405,146
Jorat-Menthue,1520,6.72437,46.63641,105
Champtauroz,133,6.78558,46.75888,127
Corcelles-près-Payerne,2210,6.96231,46.83322,200
Grandcour,850,6.9284,46.87185,173
Henniez,338,6.88696,46.74219,171
Payerne,9352,6.93608,46.82201,200
Treytorrens (Payerne),122,6.80476,46.77215,149
Valbroye,2950,6.89202,46.7249,170
Château-d'Oex,3318,7.13155,46.47455,258
Rossinière,542,7.08205,46.46695,258
Allaman,391,6.3964,46.47008,49
Bursinel,471,6.30581,46.43957,42
Bursins,777,6.29139,46.45276,43
Burtigny,328,6.25706,46.46754,35
Dully,640,6.29461,46.43143,42
Essertines-sur-Rolle,696,6.31765,46.49307,43
Luins,630,6.27275,46.44203,35
Mont-sur-Rolle,2554,6.33516,46.4702,43
Perroy,1464,6.36622,46.46821,49
Rolle,5690,6.33499,46.4582,43
Tartegnin,230,6.31246,46.46623,43
Vinzel,349,6.27817,46.44827,35
Le Chenit,4594,6.23062,46.60688,38
Blonay,5997,6.89615,46.46778,165
Chardonne,2747,6.8268,46.47676,143
Corseaux,2119,6.82942,46.47222,143
Corsier-sur-Vevey,3417,6.87104,46.49441,166
Jongny,1477,6.84114,46.47883,143
Montreux,23558,6.91143,46.43301,165
Saint-Légier-La Chiésaz,4936,6.89817,46.48993,166
La Tour-de-Peilz,11382,6.85856,46.45312,165
Vevey,18890,6.84345,46.46299,143
Veytaux,864,6.93048,46.42129,192
Belmont-sur-Yverdon,369,6.62467,46.74184,95
Bioley-Magnoux,201,6.71082,46.72593,107
Chamblon,563,6.60256,46.77906,84
Champvent,614,6.57188,46.7829,84
Chavannes-le-Chêne,277,6.77793,46.77696,127
Chêne-Pâquier,124,6.76937,46.77149,127
Cheseaux-Noréaz,660,6.68934,46.78935,108
Cronay,364,6.70297,46.75683,107
Cuarny,214,6.69207,46.76988,108
Démoret,123,6.76086,46.74691,127
Donneloye,766,6.7164,46.74551,107
Ependes (VD),346,6.6081,46.7428,95
Essert-Pittet,164,6.58334,46.72754,83
Mathod,579,6.56472,46.76638,84
Molondin,222,6.74457,46.7591,127
Montagny-près-Yverdon,711,6.61222,46.79289,96
Oppens,182,6.69168,46.71396,107
Orges,275,6.58348,46.80927,84
Orzens,212,6.67892,46.72282,107
Pomy,731,6.66908,46.75856,95
Rovray,175,6.76445,46.78489,127
Suscévaz,195,6.58289,46.76335,84
Treycovagnes,463,6.61244,46.77387,95
Ursins,206,6.65231,46.74715,95
Valeyres-sous-Montagny,660,6.60369,46.80046,96
Valeyres-sous-Ursins,245,6.65231,46.74715,95
Villars-Epeney,90,6.69762,46.78261,108
Vugelles-La Mothe,134,6.57376,46.82497,85
Yverdon-les-Bains,29206,6.64115,46.77852,95
Yvonand,3105,6.74249,46.80034,128
Brig-Glis,12592,7.98333,46.31667,698
Eggerberg,344,7.87625,46.3068,636
Naters,9669,7.98912,46.32536,698
Ried-Brig,2029,8.01752,46.31376,698
Simplon,318,8.05753,46.19451,725
Termen,889,8.02097,46.32688,698
Zwischbergen,84,8.11575,46.16366,754
Chamoson,3547,7.22319,46.20275,317
Conthey,8373,7.30283,46.2237,347
Nendaz,6094,7.31209,46.18993,346
Vétroz,5845,7.27858,46.22171,347
Bagnes,7978,7.21667,46.08333,314
Liddes,746,7.18729,45.99249,281
Orsières,3169,7.14437,46.02903,282
Sembrancher,972,7.15279,46.07752,283
Vollèges,1876,7.1755,46.09196,283
Bellwald,405,8.16144,46.42757,759
Blitzingen,74,8.2019,46.4436,786
Ernen,504,8.14166,46.39684,759
Fiesch,916,8.13533,46.39981,759
Fieschertal,317,8.14542,46.422,759
Niederwald,47,8.18994,46.43536,786
Grafschaft,194,8.20553,46.46421,786
Münster-Geschinen,445,8.26356,46.48688,812
Reckingen-Gluringen,436,8.24164,46.46989,812
Obergoms,643,8.3707,46.53308,863
Les Agettes,337,7.37147,46.21198,377
Ayent,3865,7.41028,46.28249,408
Evolène,1684,7.49407,46.11422,435
Hérémence,1299,7.40477,46.18032,406
Saint-Martin (VS),843,7.44427,46.1727,406
Vex,1779,7.39826,46.21239,406
Mont-Noble,1016,7.49047,46.20747,437
Agarn,763,7.66322,46.29749,536
Albinen,241,7.63318,46.34071,503
Ergisch,185,7.71307,46.29098,536
Inden,120,7.61739,46.34438,503
Leuk,3843,7.63412,46.31736,503
Leukerbad,1459,7.62687,46.37943,504
Oberems,124,7.69352,46.28188,536
Salgesch,1439,7.5712,46.31155,470
Varen,603,7.60743,46.3186,503
Guttet-Feschel,415,7.667,46.32533,537
Gampel-Bratsch,1899,7.7421,46.31599,570
Turtmann-Unterems,1104,7.702,46.30028,536
Bovernier,844,7.08584,46.07901,250
Charrat,1645,7.13138,46.1249,284
Fully,8418,7.09365,46.17894,252
Isérables,853,7.24474,46.16228,316
Leytron,3047,7.2078,46.1866,316
Martigny,17254,7.07245,46.10276,251
Martigny-Combe,2313,7.05099,46.07817,218
Riddes,2884,7.2236,46.17276,316
Saillon,2468,7.18771,46.17035,316
Saxon,5497,7.17514,46.14937,284
Trient,173,6.99395,46.05798,185
Champéry,1335,6.86903,46.17543,160
Collombey-Muraz,8577,6.94789,46.27385,189
Monthey,17321,6.95406,46.25451,189
Port-Valais,3362,7.32676,46.21959,377
Saint-Gingolph,878,6.80594,46.39217,120
Troistorrents,4468,6.91589,46.2289,161
Val-d'Illiez,1873,6.891,46.2036,160
Vionnaz,2514,6.90062,46.31101,162
Vouvry,3930,6.8895,46.33746,163
Bister,31,8.06445,46.36033,728
Grengiols,430,8.093,46.37395,758
Riederalp,498,8.02611,46.37637,699
Ausserberg,626,7.85299,46.31386,636
Blatten,285,7.81746,46.4207,604
Bürchen,731,7.81506,46.28053,602
Eischoll,449,7.77995,46.29352,602
Ferden,244,7.75921,46.39359,571
Kippel,349,7.77194,46.39885,604
Niedergesteln,679,7.78364,46.31243,602
Raron,1880,7.8,46.3,602
Unterbäch,410,7.79918,46.2843,602
Wiler (Lötschen),570,7.78161,46.40315,604
Mörel-Filet,685,8.05316,46.36073,728
Steg-Hohtenn,1543,7.75573,46.31893,570
Bettmeralp,444,8.06254,46.39022,729
Collonges,713,7.03425,46.17204,220
Dorénaz,859,7.04292,46.14892,219
Evionnaz,1186,7.02232,46.18096,220
Finhaut,351,6.97777,46.08381,185
Massongex,1761,6.98885,46.24267,221
Salvan,1312,7.02078,46.1189,219
Vernayaz,1861,7.03906,46.13667,219
Vérossaz,705,6.9863,46.21221,188
Chalais,3371,7.51145,46.26758,438
Chermignon,3101,7.47487,46.28844,438
Chippis,1618,7.53962,46.2802,470
Grône,2304,7.45947,46.25288,438
Icogne,557,7.44054,46.29193,408
Miège,1337,7.54701,46.31119,470
Mollens (VS),970,7.52121,46.31652,439
Randogne,2956,7.50058,46.30952,439
Saint-Léonard,2250,7.41714,46.25152,407
Sierre,16484,7.53559,46.29192,470
Venthône,1197,7.52924,46.30665,470
Anniviers,2698,7.71597,46.10137,566
Arbaz,1185,7.38542,46.2781,378
Grimisuat,3176,7.38408,46.25938,378
Savièse,7317,7.34558,46.25115,378
Sion,32692,7.35559,46.22739,377
Veysonnaz,590,7.33556,46.19521,377
Baltschieder,1299,7.8657,46.30888,636
Eisten,196,7.89282,46.20075,634
Embd,285,7.8267,46.21503,600
Grächen,1341,7.83745,46.19529,600
Lalden,664,7.90235,46.29951,667
Randa,444,7.85862,46.09413,632
Saas-Almagell,391,7.95736,46.09347,663
Saas-Balen,367,7.92698,46.15439,664
Saas-Fee,1606,7.92741,46.10805,663
Saas-Grund,1031,7.93651,46.12281,664
St. Niklaus,2267,7.80349,46.17717,600
Stalden (VS),1082,7.87273,46.23341,634
Staldenried,546,7.88269,46.22937,634
Täsch,1216,7.77766,46.06838,598
Törbel,465,7.85239,46.23837,634
Visp,7478,7.88149,46.2937,635
Visperterminen,1377,7.90192,46.25899,635
Zeneggen,287,7.86535,46.27341,635
Zermatt,5742,7.74863,46.01998,564
Bevaix,3776,6.8147,46.92958,152
Boudry,5607,6.83757,46.94991,152
Brot-Dessous,101,6.74775,46.95586,131
Corcelles-Cormondrèche,4677,6.86774,46.98125,175
Cortaillod,4747,6.8444,46.94306,152
Fresens,216,6.74843,46.8874,129
Gorgier,1991,6.77985,46.90143,130
Montalchez,243,6.74331,46.89885,130
Saint-Aubin-Sauges,2471,6.77251,46.89419,130
Vaumarcus,276,6.75728,46.87909,129
Milvignes,8993,6.85719,46.9722,175
La Chaux-de-Fonds,38211,6.82586,47.09993,155
Les Planchettes,218,6.77025,47.10616,134
La Sagne,945,6.80946,47.04591,154
Les Brenets,1036,6.70727,47.06708,113
La Brévine,635,6.60639,46.98055,99
Brot-Plamboz,270,6.74784,46.98541,131
Le Cerneux-Péquignot,320,6.67069,47.01585,112
La Chaux-du-Milieu,499,6.70724,47.01257,112
Le Locle,10234,6.75228,47.05953,133
Les Ponts-de-Martel,1267,6.73356,46.99925,132
Cornaux,1580,7.01872,47.0396,236
Cressier (NE),1876,7.03731,47.05154,237
Enges,278,7.01657,47.06673,237
Hauterive (NE),2598,6.97615,47.01233,203
Le Landeron,4444,7.07184,47.0562,269
Neuchâtel,32613,6.931,46.99179,203
Saint-Blaise,3258,6.98472,47.01323,236
Valangin,493,6.90669,47.01606,176
Val-de-Ruz,16454,6.90829,47.04008,176
La Côte-aux-Fées,454,6.49043,46.86744,75
Val-de-Travers,10671,6.67595,46.94018,111
Aire-la-Ville,1131,6.04287,46.19057,6
Avully,1750,6.00459,46.17005,3
Avusy,1418,6.00888,46.14957,2
Bardonnex,2197,6.11833,46.149,10
Bernex,9439,6.07544,46.1765,5
Carouge (GE),19618,6.13921,46.18096,11
Céligny,654,6.195,46.35069,24
Chêne-Bougeries,10537,6.18642,46.19843,21
Chêne-Bourg,8304,6.19406,46.19534,21
Choulex,1123,6.22799,46.22454,31
Collex-Bossy,1632,6.12207,46.27953,13
Collonge-Bellerive,7779,6.19595,46.25039,22
Cologny,5334,6.18041,46.21672,21
Confignon,4438,6.08437,46.17341,5
Corsier (GE),1957,6.22461,46.26297,22
Dardagny,1506,5.99497,46.19564,3
Genève,184304,6.14569,46.20222,11
Genthod,2661,6.15406,46.26642,22
Le Grand-Saconnex,11583,6.12091,46.23188,12
Hermance,977,6.23333,46.3,32
Jussy,1250,6.26701,46.2359,31
Laconnex,654,6.03128,46.157,5
Meyrin,21314,6.08025,46.23424,12
Onex,17978,6.10237,46.18396,11
Perly-Certoux,2988,6.09226,46.15698,5
Plan-les-Ouates,10147,6.11664,46.16789,11
Pregny-Chambésy,3388,6.14239,46.23789,12
Presinge,579,6.25517,46.21975,31
Puplinge,2097,6.23114,46.21043,31
Russin,517,6.01381,46.18696,3
Satigny,3923,6.03553,46.21462,6
Thônex,13611,6.19904,46.18815,21
Troinex,2283,6.14745,46.16313,11
Vandoeuvres,2454,6.20285,46.22179,21
Vernier,33047,6.08497,46.21702,6
Versoix,12401,6.16214,46.28382,22
Boécourt,892,7.21493,47.35138,339
Bourrignon,264,7.24542,47.39551,340
Corban,461,7.47697,47.34638,459
Courchapoix,425,7.45142,47.34734,459
Courrendlin,2721,7.37243,47.33853,399
Courroux,3177,7.37371,47.36069,399
Courtételle,2564,7.31827,47.34074,368
Delémont,12301,7.34453,47.36493,399
Develier,1372,7.29839,47.35773,368
Ederswiler,113,7.33097,47.42389,400
Mervelier,506,7.49969,47.34349,459
Mettembert,107,7.32047,47.39668,400
Movelier,384,7.31719,47.40954,400
Pleigne,358,7.29056,47.40758,369
Rebeuvelier,396,7.40936,47.32477,428
Rossemaison,600,7.3409,47.34434,399
Soyhières,479,7.3662,47.38884,400
Vellerat,69,7.36996,47.32031,398
Haute-Sorne,6742,7.24314,47.31985,338
Val Terbi,2608,7.51099,47.35989,459
Le Bémont (JU),316,7.0152,47.26298,241
Les Breuleux,1506,7.00792,47.21099,240
La Chaux-des-Breuleux,85,7.02829,47.2221,240
Les Enfers,148,7.04302,47.28934,241
Les Genevez (JU),507,7.12961,47.25552,273
Lajoux (JU),652,7.13726,47.27893,306
Muriaux,496,6.9791,47.24575,208
Le Noirmont,1823,6.9573,47.22567,207
Saignelégier,2504,6.99648,47.25619,208
Saint-Brais,234,7.11368,47.30611,274
Soubey,132,7.04886,47.30933,274
Alle,1748,7.12911,47.42618,309
Beurnevésin,126,7.13373,47.4925,310
Bonfol,659,7.15144,47.47735,310
Coeuve,708,7.09794,47.45289,277
Cornol,1016,7.16247,47.40752,308
Courchavon,297,7.0546,47.43952,244
Courgenay,2202,7.12416,47.40365,308
Courtedoux,762,7.04281,47.40819,243
Damphreux,181,7.10694,47.47602,277
Fontenais,1647,7.08191,47.40478,276
Lugnez,184,7.09753,47.48515,277
Porrentruy,6638,7.07638,47.41475,276
Vendlincourt,549,7.14692,47.45193,309
Basse-Allaine,1236,7.04245,47.47051,245
Clos du Doubs,1267,7.12063,47.35095,275
Haute-Ajoie,931,6.99551,47.38657,243
