"shapeid","x","y","ID"
"0","483333.334888","118356.860368","1"
"1","488333.337219","109696.602292","2"
"2","488333.337219","115470.107676","3"
"3","488333.337219","121243.61306","4"
"4","493333.33955","112583.354984","5"
"5","493333.33955","118356.860368","6"
"6","493333.33955","124130.365752","7"
"7","493333.33955","141450.881903","8"
"8","493333.33955","147224.387287","9"
"9","498333.341881","109696.602292","10"
"10","498333.341881","115470.107676","11"
"11","498333.341881","121243.61306","12"
"12","498333.341881","127017.118443","13"
"13","498333.341881","132790.623827","14"
"14","498333.341881","138564.129211","15"
"15","498333.341881","144337.634595","16"
"16","498333.341881","150111.139979","17"
"17","498333.341881","155884.645362","18"
"18","498333.341881","161658.150746","19"
"19","503333.344213","112583.354984","20"
"20","503333.344213","118356.860368","21"
"21","503333.344213","124130.365752","22"
"22","503333.344213","129903.871135","23"
"23","503333.344213","135677.376519","24"
"24","503333.344213","141450.881903","25"
"25","503333.344213","147224.387287","26"
"26","503333.344213","152997.892671","27"
"27","503333.344213","158771.398054","28"
"28","503333.344213","164544.903438","29"
"29","508333.346544","115470.107676","30"
"30","508333.346544","121243.61306","31"
"31","508333.346544","127017.118443","32"
"32","508333.346544","132790.623827","33"
"33","508333.346544","138564.129211","34"
"34","508333.346544","144337.634595","35"
"35","508333.346544","150111.139979","36"
"36","508333.346544","155884.645362","37"
"37","508333.346544","161658.150746","38"
"38","508333.346544","167431.65613","39"
"39","513333.348875","124130.365752","40"
"40","513333.348875","135677.376519","41"
"41","513333.348875","141450.881903","42"
"42","513333.348875","147224.387287","43"
"43","513333.348875","152997.892671","44"
"44","513333.348875","158771.398054","45"
"45","513333.348875","164544.903438","46"
"46","513333.348875","170318.408822","47"
"47","518333.351206","138564.129211","48"
"48","518333.351206","144337.634595","49"
"49","518333.351206","150111.139979","50"
"50","518333.351206","155884.645362","51"
"51","518333.351206","161658.150746","52"
"52","518333.351206","167431.65613","53"
"53","518333.351206","173205.161514","54"
"54","518333.351206","178978.666898","55"
"55","523333.353538","141450.881903","56"
"56","523333.353538","147224.387287","57"
"57","523333.353538","152997.892671","58"
"58","523333.353538","158771.398054","59"
"59","523333.353538","164544.903438","60"
"60","523333.353538","170318.408822","61"
"61","523333.353538","176091.914206","62"
"62","523333.353538","181865.41959","63"
"63","523333.353538","187638.924973","64"
"64","523333.353538","193412.430357","65"
"65","523333.353538","199185.935741","66"
"66","528333.355869","144337.634595","67"
"67","528333.355869","150111.139979","68"
"68","528333.355869","155884.645362","69"
"69","528333.355869","161658.150746","70"
"70","528333.355869","167431.65613","71"
"71","528333.355869","173205.161514","72"
"72","528333.355869","178978.666898","73"
"73","528333.355869","184752.172281","74"
"74","528333.355869","190525.677665","75"
"75","528333.355869","196299.183049","76"
"76","528333.355869","202072.688433","77"
"77","533333.3582","147224.387287","78"
"78","533333.3582","152997.892671","79"
"79","533333.3582","158771.398054","80"
"80","533333.3582","164544.903438","81"
"81","533333.3582","170318.408822","82"
"82","533333.3582","176091.914206","83"
"83","533333.3582","181865.41959","84"
"84","533333.3582","187638.924973","85"
"85","533333.3582","193412.430357","86"
"86","533333.3582","199185.935741","87"
"87","533333.3582","204959.441125","88"
"88","538333.360531","144337.634595","89"
"89","538333.360531","150111.139979","90"
"90","538333.360531","155884.645362","91"
"91","538333.360531","161658.150746","92"
"92","538333.360531","167431.65613","93"
"93","538333.360531","173205.161514","94"
"94","538333.360531","178978.666898","95"
"95","538333.360531","184752.172281","96"
"96","538333.360531","190525.677665","97"
"97","538333.360531","196299.183049","98"
"98","538333.360531","202072.688433","99"
"99","538333.360531","207846.193817","100"
"100","543333.362863","141450.881903","101"
"101","543333.362863","147224.387287","102"
"102","543333.362863","152997.892671","103"
"103","543333.362863","158771.398054","104"
"104","543333.362863","164544.903438","105"
"105","543333.362863","170318.408822","106"
"106","543333.362863","176091.914206","107"
"107","543333.362863","181865.41959","108"
"108","543333.362863","187638.924973","109"
"109","543333.362863","193412.430357","110"
"110","543333.362863","199185.935741","111"
"111","543333.362863","204959.441125","112"
"112","543333.362863","210732.946508","113"
"113","543333.362863","216506.451892","114"
"114","548333.365194","109696.602292","115"
"115","548333.365194","115470.107676","116"
"116","548333.365194","121243.61306","117"
"117","548333.365194","127017.118443","118"
"118","548333.365194","132790.623827","119"
"119","548333.365194","138564.129211","120"
"120","548333.365194","144337.634595","121"
"121","548333.365194","150111.139979","122"
"122","548333.365194","155884.645362","123"
"123","548333.365194","161658.150746","124"
"124","548333.365194","167431.65613","125"
"125","548333.365194","173205.161514","126"
"126","548333.365194","178978.666898","127"
"127","548333.365194","184752.172281","128"
"128","548333.365194","190525.677665","129"
"129","548333.365194","196299.183049","130"
"130","548333.365194","202072.688433","131"
"131","548333.365194","207846.193817","132"
"132","548333.365194","213619.6992","133"
"133","548333.365194","219393.204584","134"
"134","553333.367525","101036.344216","135"
"135","553333.367525","106809.8496","136"
"136","553333.367525","112583.354984","137"
"137","553333.367525","118356.860368","138"
"138","553333.367525","124130.365752","139"
"139","553333.367525","129903.871135","140"
"140","553333.367525","135677.376519","141"
"141","553333.367525","141450.881903","142"
"142","553333.367525","147224.387287","143"
"143","553333.367525","152997.892671","144"
"144","553333.367525","158771.398054","145"
"145","553333.367525","164544.903438","146"
"146","553333.367525","170318.408822","147"
"147","553333.367525","176091.914206","148"
"148","553333.367525","181865.41959","149"
"149","553333.367525","187638.924973","150"
"150","553333.367525","193412.430357","151"
"151","553333.367525","199185.935741","152"
"152","553333.367525","204959.441125","153"
"153","553333.367525","210732.946508","154"
"154","553333.367525","216506.451892","155"
"155","553333.367525","222279.957276","156"
"156","558333.369856","98149.5915245","157"
"157","558333.369856","103923.096908","158"
"158","558333.369856","109696.602292","159"
"159","558333.369856","115470.107676","160"
"160","558333.369856","121243.61306","161"
"161","558333.369856","127017.118443","162"
"162","558333.369856","132790.623827","163"
"163","558333.369856","138564.129211","164"
"164","558333.369856","144337.634595","165"
"165","558333.369856","150111.139979","166"
"166","558333.369856","155884.645362","167"
"167","558333.369856","161658.150746","168"
"168","558333.369856","167431.65613","169"
"169","558333.369856","173205.161514","170"
"170","558333.369856","178978.666898","171"
"171","558333.369856","184752.172281","172"
"172","558333.369856","190525.677665","173"
"173","558333.369856","196299.183049","174"
"174","558333.369856","202072.688433","175"
"175","558333.369856","207846.193817","176"
"176","558333.369856","213619.6992","177"
"177","558333.369856","219393.204584","178"
"178","558333.369856","225166.709968","179"
"179","558333.369856","230940.215352","180"
"180","558333.369856","242487.226119","181"
"181","558333.369856","248260.731503","182"
"182","563333.372188","89489.3334488","183"
"183","563333.372188","95262.8388326","184"
"184","563333.372188","101036.344216","185"
"185","563333.372188","106809.8496","186"
"186","563333.372188","112583.354984","187"
"187","563333.372188","118356.860368","188"
"188","563333.372188","124130.365752","189"
"189","563333.372188","129903.871135","190"
"190","563333.372188","135677.376519","191"
"191","563333.372188","141450.881903","192"
"192","563333.372188","147224.387287","193"
"193","563333.372188","152997.892671","194"
"194","563333.372188","158771.398054","195"
"195","563333.372188","164544.903438","196"
"196","563333.372188","170318.408822","197"
"197","563333.372188","176091.914206","198"
"198","563333.372188","181865.41959","199"
"199","563333.372188","187638.924973","200"
"200","563333.372188","193412.430357","201"
"201","563333.372188","199185.935741","202"
"202","563333.372188","204959.441125","203"
"203","563333.372188","210732.946508","204"
"204","563333.372188","216506.451892","205"
"205","563333.372188","222279.957276","206"
"206","563333.372188","228053.46266","207"
"207","563333.372188","233826.968044","208"
"208","563333.372188","239600.473427","209"
"209","563333.372188","245373.978811","210"
"210","563333.372188","251147.484195","211"
"211","563333.372188","256920.989579","212"
"212","563333.372188","262694.494963","213"
"213","568333.374519","80829.0753731","214"
"214","568333.374519","86602.5807569","215"
"215","568333.374519","92376.0861407","216"
"216","568333.374519","98149.5915245","217"
"217","568333.374519","103923.096908","218"
"218","568333.374519","109696.602292","219"
"219","568333.374519","115470.107676","220"
"220","568333.374519","121243.61306","221"
"221","568333.374519","127017.118443","222"
"222","568333.374519","132790.623827","223"
"223","568333.374519","138564.129211","224"
"224","568333.374519","144337.634595","225"
"225","568333.374519","150111.139979","226"
"226","568333.374519","155884.645362","227"
"227","568333.374519","161658.150746","228"
"228","568333.374519","167431.65613","229"
"229","568333.374519","173205.161514","230"
"230","568333.374519","178978.666898","231"
"231","568333.374519","184752.172281","232"
"232","568333.374519","190525.677665","233"
"233","568333.374519","196299.183049","234"
"234","568333.374519","202072.688433","235"
"235","568333.374519","207846.193817","236"
"236","568333.374519","213619.6992","237"
"237","568333.374519","219393.204584","238"
"238","568333.374519","225166.709968","239"
"239","568333.374519","230940.215352","240"
"240","568333.374519","236713.720736","241"
"241","568333.374519","242487.226119","242"
"242","568333.374519","248260.731503","243"
"243","568333.374519","254034.236887","244"
"244","568333.374519","259807.742271","245"
"245","573333.37685","77942.3226812","246"
"246","573333.37685","83715.828065","247"
"247","573333.37685","89489.3334488","248"
"248","573333.37685","95262.8388326","249"
"249","573333.37685","101036.344216","250"
"250","573333.37685","106809.8496","251"
"251","573333.37685","112583.354984","252"
"252","573333.37685","118356.860368","253"
"253","573333.37685","124130.365752","254"
"254","573333.37685","129903.871135","255"
"255","573333.37685","135677.376519","256"
"256","573333.37685","141450.881903","257"
"257","573333.37685","147224.387287","258"
"258","573333.37685","152997.892671","259"
"259","573333.37685","158771.398054","260"
"260","573333.37685","164544.903438","261"
"261","573333.37685","170318.408822","262"
"262","573333.37685","176091.914206","263"
"263","573333.37685","181865.41959","264"
"264","573333.37685","187638.924973","265"
"265","573333.37685","193412.430357","266"
"266","573333.37685","199185.935741","267"
"267","573333.37685","204959.441125","268"
"268","573333.37685","210732.946508","269"
"269","573333.37685","216506.451892","270"
"270","573333.37685","222279.957276","271"
"271","573333.37685","228053.46266","272"
"272","573333.37685","233826.968044","273"
"273","573333.37685","239600.473427","274"
"274","573333.37685","245373.978811","275"
"275","573333.37685","251147.484195","276"
"276","573333.37685","256920.989579","277"
"277","573333.37685","262694.494963","278"
"278","578333.379181","80829.0753731","279"
"279","578333.379181","86602.5807569","280"
"280","578333.379181","92376.0861407","281"
"281","578333.379181","98149.5915245","282"
"282","578333.379181","103923.096908","283"
"283","578333.379181","109696.602292","284"
"284","578333.379181","115470.107676","285"
"285","578333.379181","121243.61306","286"
"286","578333.379181","127017.118443","287"
"287","578333.379181","132790.623827","288"
"288","578333.379181","138564.129211","289"
"289","578333.379181","144337.634595","290"
"290","578333.379181","150111.139979","291"
"291","578333.379181","155884.645362","292"
"292","578333.379181","161658.150746","293"
"293","578333.379181","167431.65613","294"
"294","578333.379181","173205.161514","295"
"295","578333.379181","178978.666898","296"
"296","578333.379181","184752.172281","297"
"297","578333.379181","190525.677665","298"
"298","578333.379181","196299.183049","299"
"299","578333.379181","202072.688433","300"
"300","578333.379181","207846.193817","301"
"301","578333.379181","213619.6992","302"
"302","578333.379181","219393.204584","303"
"303","578333.379181","225166.709968","304"
"304","578333.379181","230940.215352","305"
"305","578333.379181","236713.720736","306"
"306","578333.379181","242487.226119","307"
"307","578333.379181","248260.731503","308"
"308","578333.379181","254034.236887","309"
"309","578333.379181","259807.742271","310"
"310","583333.381513","83715.828065","311"
"311","583333.381513","89489.3334488","312"
"312","583333.381513","95262.8388326","313"
"313","583333.381513","101036.344216","314"
"314","583333.381513","106809.8496","315"
"315","583333.381513","112583.354984","316"
"316","583333.381513","118356.860368","317"
"317","583333.381513","124130.365752","318"
"318","583333.381513","129903.871135","319"
"319","583333.381513","135677.376519","320"
"320","583333.381513","141450.881903","321"
"321","583333.381513","147224.387287","322"
"322","583333.381513","152997.892671","323"
"323","583333.381513","158771.398054","324"
"324","583333.381513","164544.903438","325"
"325","583333.381513","170318.408822","326"
"326","583333.381513","176091.914206","327"
"327","583333.381513","181865.41959","328"
"328","583333.381513","187638.924973","329"
"329","583333.381513","193412.430357","330"
"330","583333.381513","199185.935741","331"
"331","583333.381513","204959.441125","332"
"332","583333.381513","210732.946508","333"
"333","583333.381513","216506.451892","334"
"334","583333.381513","222279.957276","335"
"335","583333.381513","228053.46266","336"
"336","583333.381513","233826.968044","337"
"337","583333.381513","239600.473427","338"
"338","583333.381513","245373.978811","339"
"339","583333.381513","251147.484195","340"
"340","588333.383844","86602.5807569","341"
"341","588333.383844","92376.0861407","342"
"342","588333.383844","98149.5915245","343"
"343","588333.383844","103923.096908","344"
"344","588333.383844","109696.602292","345"
"345","588333.383844","115470.107676","346"
"346","588333.383844","121243.61306","347"
"347","588333.383844","127017.118443","348"
"348","588333.383844","132790.623827","349"
"349","588333.383844","138564.129211","350"
"350","588333.383844","144337.634595","351"
"351","588333.383844","150111.139979","352"
"352","588333.383844","155884.645362","353"
"353","588333.383844","161658.150746","354"
"354","588333.383844","167431.65613","355"
"355","588333.383844","173205.161514","356"
"356","588333.383844","178978.666898","357"
"357","588333.383844","184752.172281","358"
"358","588333.383844","190525.677665","359"
"359","588333.383844","196299.183049","360"
"360","588333.383844","202072.688433","361"
"361","588333.383844","207846.193817","362"
"362","588333.383844","213619.6992","363"
"363","588333.383844","219393.204584","364"
"364","588333.383844","225166.709968","365"
"365","588333.383844","230940.215352","366"
"366","588333.383844","236713.720736","367"
"367","588333.383844","242487.226119","368"
"368","588333.383844","248260.731503","369"
"369","588333.383844","254034.236887","370"
"370","593333.386175","83715.828065","371"
"371","593333.386175","89489.3334488","372"
"372","593333.386175","95262.8388326","373"
"373","593333.386175","101036.344216","374"
"374","593333.386175","106809.8496","375"
"375","593333.386175","112583.354984","376"
"376","593333.386175","118356.860368","377"
"377","593333.386175","124130.365752","378"
"378","593333.386175","129903.871135","379"
"379","593333.386175","135677.376519","380"
"380","593333.386175","141450.881903","381"
"381","593333.386175","147224.387287","382"
"382","593333.386175","152997.892671","383"
"383","593333.386175","158771.398054","384"
"384","593333.386175","164544.903438","385"
"385","593333.386175","170318.408822","386"
"386","593333.386175","176091.914206","387"
"387","593333.386175","181865.41959","388"
"388","593333.386175","187638.924973","389"
"389","593333.386175","193412.430357","390"
"390","593333.386175","199185.935741","391"
"391","593333.386175","204959.441125","392"
"392","593333.386175","210732.946508","393"
"393","593333.386175","216506.451892","394"
"394","593333.386175","222279.957276","395"
"395","593333.386175","228053.46266","396"
"396","593333.386175","233826.968044","397"
"397","593333.386175","239600.473427","398"
"398","593333.386175","245373.978811","399"
"399","593333.386175","251147.484195","400"
"400","598333.388506","86602.5807569","401"
"401","598333.388506","92376.0861407","402"
"402","598333.388506","98149.5915245","403"
"403","598333.388506","103923.096908","404"
"404","598333.388506","109696.602292","405"
"405","598333.388506","115470.107676","406"
"406","598333.388506","121243.61306","407"
"407","598333.388506","127017.118443","408"
"408","598333.388506","132790.623827","409"
"409","598333.388506","138564.129211","410"
"410","598333.388506","144337.634595","411"
"411","598333.388506","150111.139979","412"
"412","598333.388506","155884.645362","413"
"413","598333.388506","161658.150746","414"
"414","598333.388506","167431.65613","415"
"415","598333.388506","173205.161514","416"
"416","598333.388506","178978.666898","417"
"417","598333.388506","184752.172281","418"
"418","598333.388506","190525.677665","419"
"419","598333.388506","196299.183049","420"
"420","598333.388506","202072.688433","421"
"421","598333.388506","207846.193817","422"
"422","598333.388506","213619.6992","423"
"423","598333.388506","219393.204584","424"
"424","598333.388506","225166.709968","425"
"425","598333.388506","230940.215352","426"
"426","598333.388506","236713.720736","427"
"427","598333.388506","242487.226119","428"
"428","598333.388506","248260.731503","429"
"429","598333.388506","254034.236887","430"
"430","598333.388506","259807.742271","431"
"431","603333.390838","89489.3334488","432"
"432","603333.390838","95262.8388326","433"
"433","603333.390838","101036.344216","434"
"434","603333.390838","106809.8496","435"
"435","603333.390838","112583.354984","436"
"436","603333.390838","118356.860368","437"
"437","603333.390838","124130.365752","438"
"438","603333.390838","129903.871135","439"
"439","603333.390838","135677.376519","440"
"440","603333.390838","141450.881903","441"
"441","603333.390838","147224.387287","442"
"442","603333.390838","152997.892671","443"
"443","603333.390838","158771.398054","444"
"444","603333.390838","164544.903438","445"
"445","603333.390838","170318.408822","446"
"446","603333.390838","176091.914206","447"
"447","603333.390838","181865.41959","448"
"448","603333.390838","187638.924973","449"
"449","603333.390838","193412.430357","450"
"450","603333.390838","199185.935741","451"
"451","603333.390838","204959.441125","452"
"452","603333.390838","210732.946508","453"
"453","603333.390838","216506.451892","454"
"454","603333.390838","222279.957276","455"
"455","603333.390838","228053.46266","456"
"456","603333.390838","233826.968044","457"
"457","603333.390838","239600.473427","458"
"458","603333.390838","245373.978811","459"
"459","603333.390838","251147.484195","460"
"460","603333.390838","256920.989579","461"
"461","603333.390838","262694.494963","462"
"462","603333.390838","268468.000346","463"
"463","608333.393169","92376.0861407","464"
"464","608333.393169","98149.5915245","465"
"465","608333.393169","103923.096908","466"
"466","608333.393169","109696.602292","467"
"467","608333.393169","115470.107676","468"
"468","608333.393169","121243.61306","469"
"469","608333.393169","127017.118443","470"
"470","608333.393169","132790.623827","471"
"471","608333.393169","138564.129211","472"
"472","608333.393169","144337.634595","473"
"473","608333.393169","150111.139979","474"
"474","608333.393169","155884.645362","475"
"475","608333.393169","161658.150746","476"
"476","608333.393169","167431.65613","477"
"477","608333.393169","173205.161514","478"
"478","608333.393169","178978.666898","479"
"479","608333.393169","184752.172281","480"
"480","608333.393169","190525.677665","481"
"481","608333.393169","196299.183049","482"
"482","608333.393169","202072.688433","483"
"483","608333.393169","207846.193817","484"
"484","608333.393169","213619.6992","485"
"485","608333.393169","219393.204584","486"
"486","608333.393169","225166.709968","487"
"487","608333.393169","230940.215352","488"
"488","608333.393169","236713.720736","489"
"489","608333.393169","242487.226119","490"
"490","608333.393169","248260.731503","491"
"491","608333.393169","254034.236887","492"
"492","608333.393169","259807.742271","493"
"493","608333.393169","265581.247655","494"
"494","608333.393169","271354.753038","495"
"495","613333.3955","89489.3334488","496"
"496","613333.3955","95262.8388326","497"
"497","613333.3955","101036.344216","498"
"498","613333.3955","106809.8496","499"
"499","613333.3955","112583.354984","500"
"500","613333.3955","118356.860368","501"
"501","613333.3955","124130.365752","502"
"502","613333.3955","129903.871135","503"
"503","613333.3955","135677.376519","504"
"504","613333.3955","141450.881903","505"
"505","613333.3955","147224.387287","506"
"506","613333.3955","152997.892671","507"
"507","613333.3955","158771.398054","508"
"508","613333.3955","164544.903438","509"
"509","613333.3955","170318.408822","510"
"510","613333.3955","176091.914206","511"
"511","613333.3955","181865.41959","512"
"512","613333.3955","187638.924973","513"
"513","613333.3955","193412.430357","514"
"514","613333.3955","199185.935741","515"
"515","613333.3955","204959.441125","516"
"516","613333.3955","210732.946508","517"
"517","613333.3955","216506.451892","518"
"518","613333.3955","222279.957276","519"
"519","613333.3955","228053.46266","520"
"520","613333.3955","233826.968044","521"
"521","613333.3955","239600.473427","522"
"522","613333.3955","245373.978811","523"
"523","613333.3955","251147.484195","524"
"524","613333.3955","256920.989579","525"
"525","613333.3955","262694.494963","526"
"526","613333.3955","268468.000346","527"
"527","613333.3955","274241.50573","528"
"528","618333.397831","86602.5807569","529"
"529","618333.397831","92376.0861407","530"
"530","618333.397831","98149.5915245","531"
"531","618333.397831","103923.096908","532"
"532","618333.397831","109696.602292","533"
"533","618333.397831","115470.107676","534"
"534","618333.397831","121243.61306","535"
"535","618333.397831","127017.118443","536"
"536","618333.397831","132790.623827","537"
"537","618333.397831","138564.129211","538"
"538","618333.397831","144337.634595","539"
"539","618333.397831","150111.139979","540"
"540","618333.397831","155884.645362","541"
"541","618333.397831","161658.150746","542"
"542","618333.397831","167431.65613","543"
"543","618333.397831","173205.161514","544"
"544","618333.397831","178978.666898","545"
"545","618333.397831","184752.172281","546"
"546","618333.397831","190525.677665","547"
"547","618333.397831","196299.183049","548"
"548","618333.397831","202072.688433","549"
"549","618333.397831","207846.193817","550"
"550","618333.397831","213619.6992","551"
"551","618333.397831","219393.204584","552"
"552","618333.397831","225166.709968","553"
"553","618333.397831","230940.215352","554"
"554","618333.397831","236713.720736","555"
"555","618333.397831","242487.226119","556"
"556","618333.397831","248260.731503","557"
"557","618333.397831","254034.236887","558"
"558","618333.397831","259807.742271","559"
"559","618333.397831","265581.247655","560"
"560","618333.397831","271354.753038","561"
"561","623333.400163","83715.828065","562"
"562","623333.400163","89489.3334488","563"
"563","623333.400163","95262.8388326","564"
"564","623333.400163","101036.344216","565"
"565","623333.400163","106809.8496","566"
"566","623333.400163","112583.354984","567"
"567","623333.400163","118356.860368","568"
"568","623333.400163","124130.365752","569"
"569","623333.400163","129903.871135","570"
"570","623333.400163","135677.376519","571"
"571","623333.400163","141450.881903","572"
"572","623333.400163","147224.387287","573"
"573","623333.400163","152997.892671","574"
"574","623333.400163","158771.398054","575"
"575","623333.400163","164544.903438","576"
"576","623333.400163","170318.408822","577"
"577","623333.400163","176091.914206","578"
"578","623333.400163","181865.41959","579"
"579","623333.400163","187638.924973","580"
"580","623333.400163","193412.430357","581"
"581","623333.400163","199185.935741","582"
"582","623333.400163","204959.441125","583"
"583","623333.400163","210732.946508","584"
"584","623333.400163","216506.451892","585"
"585","623333.400163","222279.957276","586"
"586","623333.400163","228053.46266","587"
"587","623333.400163","233826.968044","588"
"588","623333.400163","239600.473427","589"
"589","623333.400163","245373.978811","590"
"590","623333.400163","251147.484195","591"
"591","623333.400163","256920.989579","592"
"592","623333.400163","262694.494963","593"
"593","623333.400163","268468.000346","594"
"594","628333.402494","86602.5807569","595"
"595","628333.402494","92376.0861407","596"
"596","628333.402494","98149.5915245","597"
"597","628333.402494","103923.096908","598"
"598","628333.402494","109696.602292","599"
"599","628333.402494","115470.107676","600"
"600","628333.402494","121243.61306","601"
"601","628333.402494","127017.118443","602"
"602","628333.402494","132790.623827","603"
"603","628333.402494","138564.129211","604"
"604","628333.402494","144337.634595","605"
"605","628333.402494","150111.139979","606"
"606","628333.402494","155884.645362","607"
"607","628333.402494","161658.150746","608"
"608","628333.402494","167431.65613","609"
"609","628333.402494","173205.161514","610"
"610","628333.402494","178978.666898","611"
"611","628333.402494","184752.172281","612"
"612","628333.402494","190525.677665","613"
"613","628333.402494","196299.183049","614"
"614","628333.402494","202072.688433","615"
"615","628333.402494","207846.193817","616"
"616","628333.402494","213619.6992","617"
"617","628333.402494","219393.204584","618"
"618","628333.402494","225166.709968","619"
"619","628333.402494","230940.215352","620"
"620","628333.402494","236713.720736","621"
"621","628333.402494","242487.226119","622"
"622","628333.402494","248260.731503","623"
"623","628333.402494","254034.236887","624"
"624","628333.402494","259807.742271","625"
"625","628333.402494","265581.247655","626"
"626","628333.402494","271354.753038","627"
"627","633333.404825","83715.828065","628"
"628","633333.404825","89489.3334488","629"
"629","633333.404825","95262.8388326","630"
"630","633333.404825","101036.344216","631"
"631","633333.404825","106809.8496","632"
"632","633333.404825","112583.354984","633"
"633","633333.404825","118356.860368","634"
"634","633333.404825","124130.365752","635"
"635","633333.404825","129903.871135","636"
"636","633333.404825","135677.376519","637"
"637","633333.404825","141450.881903","638"
"638","633333.404825","147224.387287","639"
"639","633333.404825","152997.892671","640"
"640","633333.404825","158771.398054","641"
"641","633333.404825","164544.903438","642"
"642","633333.404825","170318.408822","643"
"643","633333.404825","176091.914206","644"
"644","633333.404825","181865.41959","645"
"645","633333.404825","187638.924973","646"
"646","633333.404825","193412.430357","647"
"647","633333.404825","199185.935741","648"
"648","633333.404825","204959.441125","649"
"649","633333.404825","210732.946508","650"
"650","633333.404825","216506.451892","651"
"651","633333.404825","222279.957276","652"
"652","633333.404825","228053.46266","653"
"653","633333.404825","233826.968044","654"
"654","633333.404825","239600.473427","655"
"655","633333.404825","245373.978811","656"
"656","633333.404825","251147.484195","657"
"657","633333.404825","256920.989579","658"
"658","633333.404825","262694.494963","659"
"659","633333.404825","268468.000346","660"
"660","638333.407156","92376.0861407","661"
"661","638333.407156","98149.5915245","662"
"662","638333.407156","103923.096908","663"
"663","638333.407156","109696.602292","664"
"664","638333.407156","115470.107676","665"
"665","638333.407156","121243.61306","666"
"666","638333.407156","127017.118443","667"
"667","638333.407156","132790.623827","668"
"668","638333.407156","138564.129211","669"
"669","638333.407156","144337.634595","670"
"670","638333.407156","150111.139979","671"
"671","638333.407156","155884.645362","672"
"672","638333.407156","161658.150746","673"
"673","638333.407156","167431.65613","674"
"674","638333.407156","173205.161514","675"
"675","638333.407156","178978.666898","676"
"676","638333.407156","184752.172281","677"
"677","638333.407156","190525.677665","678"
"678","638333.407156","196299.183049","679"
"679","638333.407156","202072.688433","680"
"680","638333.407156","207846.193817","681"
"681","638333.407156","213619.6992","682"
"682","638333.407156","219393.204584","683"
"683","638333.407156","225166.709968","684"
"684","638333.407156","230940.215352","685"
"685","638333.407156","236713.720736","686"
"686","638333.407156","242487.226119","687"
"687","638333.407156","248260.731503","688"
"688","638333.407156","254034.236887","689"
"689","638333.407156","259807.742271","690"
"690","638333.407156","265581.247655","691"
"691","643333.409488","95262.8388326","692"
"692","643333.409488","101036.344216","693"
"693","643333.409488","106809.8496","694"
"694","643333.409488","112583.354984","695"
"695","643333.409488","118356.860368","696"
"696","643333.409488","124130.365752","697"
"697","643333.409488","129903.871135","698"
"698","643333.409488","135677.376519","699"
"699","643333.409488","141450.881903","700"
"700","643333.409488","147224.387287","701"
"701","643333.409488","152997.892671","702"
"702","643333.409488","158771.398054","703"
"703","643333.409488","164544.903438","704"
"704","643333.409488","170318.408822","705"
"705","643333.409488","176091.914206","706"
"706","643333.409488","181865.41959","707"
"707","643333.409488","187638.924973","708"
"708","643333.409488","193412.430357","709"
"709","643333.409488","199185.935741","710"
"710","643333.409488","204959.441125","711"
"711","643333.409488","210732.946508","712"
"712","643333.409488","216506.451892","713"
"713","643333.409488","222279.957276","714"
"714","643333.409488","228053.46266","715"
"715","643333.409488","233826.968044","716"
"716","643333.409488","239600.473427","717"
"717","643333.409488","245373.978811","718"
"718","643333.409488","251147.484195","719"
"719","643333.409488","256920.989579","720"
"720","643333.409488","262694.494963","721"
"721","643333.409488","268468.000346","722"
"722","648333.411819","103923.096908","723"
"723","648333.411819","109696.602292","724"
"724","648333.411819","115470.107676","725"
"725","648333.411819","121243.61306","726"
"726","648333.411819","127017.118443","727"
"727","648333.411819","132790.623827","728"
"728","648333.411819","138564.129211","729"
"729","648333.411819","144337.634595","730"
"730","648333.411819","150111.139979","731"
"731","648333.411819","155884.645362","732"
"732","648333.411819","161658.150746","733"
"733","648333.411819","167431.65613","734"
"734","648333.411819","173205.161514","735"
"735","648333.411819","178978.666898","736"
"736","648333.411819","184752.172281","737"
"737","648333.411819","190525.677665","738"
"738","648333.411819","196299.183049","739"
"739","648333.411819","202072.688433","740"
"740","648333.411819","207846.193817","741"
"741","648333.411819","213619.6992","742"
"742","648333.411819","219393.204584","743"
"743","648333.411819","225166.709968","744"
"744","648333.411819","230940.215352","745"
"745","648333.411819","236713.720736","746"
"746","648333.411819","242487.226119","747"
"747","648333.411819","248260.731503","748"
"748","648333.411819","254034.236887","749"
"749","648333.411819","259807.742271","750"
"750","648333.411819","265581.247655","751"
"751","648333.411819","271354.753038","752"
"752","653333.41415","106809.8496","753"
"753","653333.41415","112583.354984","754"
"754","653333.41415","118356.860368","755"
"755","653333.41415","124130.365752","756"
"756","653333.41415","129903.871135","757"
"757","653333.41415","135677.376519","758"
"758","653333.41415","141450.881903","759"
"759","653333.41415","147224.387287","760"
"760","653333.41415","152997.892671","761"
"761","653333.41415","158771.398054","762"
"762","653333.41415","164544.903438","763"
"763","653333.41415","170318.408822","764"
"764","653333.41415","176091.914206","765"
"765","653333.41415","181865.41959","766"
"766","653333.41415","187638.924973","767"
"767","653333.41415","193412.430357","768"
"768","653333.41415","199185.935741","769"
"769","653333.41415","204959.441125","770"
"770","653333.41415","210732.946508","771"
"771","653333.41415","216506.451892","772"
"772","653333.41415","222279.957276","773"
"773","653333.41415","228053.46266","774"
"774","653333.41415","233826.968044","775"
"775","653333.41415","239600.473427","776"
"776","653333.41415","245373.978811","777"
"777","653333.41415","251147.484195","778"
"778","653333.41415","256920.989579","779"
"779","653333.41415","262694.494963","780"
"780","653333.41415","268468.000346","781"
"781","653333.41415","274241.50573","782"
"782","658333.416481","127017.118443","783"
"783","658333.416481","132790.623827","784"
"784","658333.416481","138564.129211","785"
"785","658333.416481","144337.634595","786"
"786","658333.416481","150111.139979","787"
"787","658333.416481","155884.645362","788"
"788","658333.416481","161658.150746","789"
"789","658333.416481","167431.65613","790"
"790","658333.416481","173205.161514","791"
"791","658333.416481","178978.666898","792"
"792","658333.416481","184752.172281","793"
"793","658333.416481","190525.677665","794"
"794","658333.416481","196299.183049","795"
"795","658333.416481","202072.688433","796"
"796","658333.416481","207846.193817","797"
"797","658333.416481","213619.6992","798"
"798","658333.416481","219393.204584","799"
"799","658333.416481","225166.709968","800"
"800","658333.416481","230940.215352","801"
"801","658333.416481","236713.720736","802"
"802","658333.416481","242487.226119","803"
"803","658333.416481","248260.731503","804"
"804","658333.416481","254034.236887","805"
"805","658333.416481","259807.742271","806"
"806","658333.416481","265581.247655","807"
"807","658333.416481","271354.753038","808"
"808","658333.416481","277128.258422","809"
"809","663333.418813","135677.376519","810"
"810","663333.418813","141450.881903","811"
"811","663333.418813","147224.387287","812"
"812","663333.418813","152997.892671","813"
"813","663333.418813","158771.398054","814"
"814","663333.418813","164544.903438","815"
"815","663333.418813","170318.408822","816"
"816","663333.418813","176091.914206","817"
"817","663333.418813","181865.41959","818"
"818","663333.418813","187638.924973","819"
"819","663333.418813","193412.430357","820"
"820","663333.418813","199185.935741","821"
"821","663333.418813","204959.441125","822"
"822","663333.418813","210732.946508","823"
"823","663333.418813","216506.451892","824"
"824","663333.418813","222279.957276","825"
"825","663333.418813","228053.46266","826"
"826","663333.418813","233826.968044","827"
"827","663333.418813","239600.473427","828"
"828","663333.418813","245373.978811","829"
"829","663333.418813","251147.484195","830"
"830","663333.418813","256920.989579","831"
"831","663333.418813","262694.494963","832"
"832","663333.418813","268468.000346","833"
"833","663333.418813","274241.50573","834"
"834","668333.421144","138564.129211","835"
"835","668333.421144","144337.634595","836"
"836","668333.421144","150111.139979","837"
"837","668333.421144","155884.645362","838"
"838","668333.421144","161658.150746","839"
"839","668333.421144","167431.65613","840"
"840","668333.421144","173205.161514","841"
"841","668333.421144","178978.666898","842"
"842","668333.421144","184752.172281","843"
"843","668333.421144","190525.677665","844"
"844","668333.421144","196299.183049","845"
"845","668333.421144","202072.688433","846"
"846","668333.421144","207846.193817","847"
"847","668333.421144","213619.6992","848"
"848","668333.421144","219393.204584","849"
"849","668333.421144","225166.709968","850"
"850","668333.421144","230940.215352","851"
"851","668333.421144","236713.720736","852"
"852","668333.421144","242487.226119","853"
"853","668333.421144","248260.731503","854"
"854","668333.421144","254034.236887","855"
"855","668333.421144","259807.742271","856"
"856","668333.421144","265581.247655","857"
"857","668333.421144","271354.753038","858"
"858","668333.421144","282901.763806","859"
"859","673333.423475","124130.365752","860"
"860","673333.423475","129903.871135","861"
"861","673333.423475","147224.387287","862"
"862","673333.423475","152997.892671","863"
"863","673333.423475","158771.398054","864"
"864","673333.423475","164544.903438","865"
"865","673333.423475","170318.408822","866"
"866","673333.423475","176091.914206","867"
"867","673333.423475","181865.41959","868"
"868","673333.423475","187638.924973","869"
"869","673333.423475","193412.430357","870"
"870","673333.423475","199185.935741","871"
"871","673333.423475","204959.441125","872"
"872","673333.423475","210732.946508","873"
"873","673333.423475","216506.451892","874"
"874","673333.423475","222279.957276","875"
"875","673333.423475","228053.46266","876"
"876","673333.423475","233826.968044","877"
"877","673333.423475","239600.473427","878"
"878","673333.423475","245373.978811","879"
"879","673333.423475","251147.484195","880"
"880","673333.423475","256920.989579","881"
"881","673333.423475","262694.494963","882"
"882","673333.423475","268468.000346","883"
"883","673333.423475","280015.011114","884"
"884","673333.423475","285788.516498","885"
"885","678333.425806","121243.61306","886"
"886","678333.425806","127017.118443","887"
"887","678333.425806","132790.623827","888"
"888","678333.425806","138564.129211","889"
"889","678333.425806","144337.634595","890"
"890","678333.425806","150111.139979","891"
"891","678333.425806","155884.645362","892"
"892","678333.425806","161658.150746","893"
"893","678333.425806","167431.65613","894"
"894","678333.425806","173205.161514","895"
"895","678333.425806","178978.666898","896"
"896","678333.425806","184752.172281","897"
"897","678333.425806","190525.677665","898"
"898","678333.425806","196299.183049","899"
"899","678333.425806","202072.688433","900"
"900","678333.425806","207846.193817","901"
"901","678333.425806","213619.6992","902"
"902","678333.425806","219393.204584","903"
"903","678333.425806","225166.709968","904"
"904","678333.425806","230940.215352","905"
"905","678333.425806","236713.720736","906"
"906","678333.425806","242487.226119","907"
"907","678333.425806","248260.731503","908"
"908","678333.425806","254034.236887","909"
"909","678333.425806","259807.742271","910"
"910","678333.425806","265581.247655","911"
"911","678333.425806","271354.753038","912"
"912","678333.425806","277128.258422","913"
"913","678333.425806","282901.763806","914"
"914","678333.425806","288675.26919","915"
"915","678333.425806","294448.774573","916"
"916","683333.428138","118356.860368","917"
"917","683333.428138","124130.365752","918"
"918","683333.428138","129903.871135","919"
"919","683333.428138","135677.376519","920"
"920","683333.428138","141450.881903","921"
"921","683333.428138","147224.387287","922"
"922","683333.428138","152997.892671","923"
"923","683333.428138","158771.398054","924"
"924","683333.428138","164544.903438","925"
"925","683333.428138","170318.408822","926"
"926","683333.428138","176091.914206","927"
"927","683333.428138","181865.41959","928"
"928","683333.428138","187638.924973","929"
"929","683333.428138","193412.430357","930"
"930","683333.428138","199185.935741","931"
"931","683333.428138","204959.441125","932"
"932","683333.428138","210732.946508","933"
"933","683333.428138","216506.451892","934"
"934","683333.428138","222279.957276","935"
"935","683333.428138","228053.46266","936"
"936","683333.428138","233826.968044","937"
"937","683333.428138","239600.473427","938"
"938","683333.428138","245373.978811","939"
"939","683333.428138","251147.484195","940"
"940","683333.428138","256920.989579","941"
"941","683333.428138","262694.494963","942"
"942","683333.428138","268468.000346","943"
"943","683333.428138","274241.50573","944"
"944","683333.428138","280015.011114","945"
"945","683333.428138","285788.516498","946"
"946","683333.428138","291562.021882","947"
"947","683333.428138","297335.527265","948"
"948","688333.430469","109696.602292","949"
"949","688333.430469","115470.107676","950"
"950","688333.430469","121243.61306","951"
"951","688333.430469","127017.118443","952"
"952","688333.430469","132790.623827","953"
"953","688333.430469","138564.129211","954"
"954","688333.430469","144337.634595","955"
"955","688333.430469","150111.139979","956"
"956","688333.430469","155884.645362","957"
"957","688333.430469","161658.150746","958"
"958","688333.430469","167431.65613","959"
"959","688333.430469","173205.161514","960"
"960","688333.430469","178978.666898","961"
"961","688333.430469","184752.172281","962"
"962","688333.430469","190525.677665","963"
"963","688333.430469","196299.183049","964"
"964","688333.430469","202072.688433","965"
"965","688333.430469","207846.193817","966"
"966","688333.430469","213619.6992","967"
"967","688333.430469","219393.204584","968"
"968","688333.430469","225166.709968","969"
"969","688333.430469","230940.215352","970"
"970","688333.430469","236713.720736","971"
"971","688333.430469","242487.226119","972"
"972","688333.430469","248260.731503","973"
"973","688333.430469","254034.236887","974"
"974","688333.430469","259807.742271","975"
"975","688333.430469","265581.247655","976"
"976","688333.430469","271354.753038","977"
"977","688333.430469","277128.258422","978"
"978","688333.430469","282901.763806","979"
"979","688333.430469","288675.26919","980"
"980","688333.430469","294448.774573","981"
"981","693333.4328","106809.8496","982"
"982","693333.4328","112583.354984","983"
"983","693333.4328","118356.860368","984"
"984","693333.4328","124130.365752","985"
"985","693333.4328","129903.871135","986"
"986","693333.4328","135677.376519","987"
"987","693333.4328","141450.881903","988"
"988","693333.4328","147224.387287","989"
"989","693333.4328","152997.892671","990"
"990","693333.4328","158771.398054","991"
"991","693333.4328","164544.903438","992"
"992","693333.4328","170318.408822","993"
"993","693333.4328","176091.914206","994"
"994","693333.4328","181865.41959","995"
"995","693333.4328","187638.924973","996"
"996","693333.4328","193412.430357","997"
"997","693333.4328","199185.935741","998"
"998","693333.4328","204959.441125","999"
"999","693333.4328","210732.946508","1000"
"1000","693333.4328","216506.451892","1001"
"1001","693333.4328","222279.957276","1002"
"1002","693333.4328","228053.46266","1003"
"1003","693333.4328","233826.968044","1004"
"1004","693333.4328","239600.473427","1005"
"1005","693333.4328","245373.978811","1006"
"1006","693333.4328","251147.484195","1007"
"1007","693333.4328","256920.989579","1008"
"1008","693333.4328","262694.494963","1009"
"1009","693333.4328","268468.000346","1010"
"1010","693333.4328","274241.50573","1011"
"1011","693333.4328","280015.011114","1012"
"1012","693333.4328","285788.516498","1013"
"1013","693333.4328","291562.021882","1014"
"1014","698333.435131","103923.096908","1015"
"1015","698333.435131","109696.602292","1016"
"1016","698333.435131","115470.107676","1017"
"1017","698333.435131","121243.61306","1018"
"1018","698333.435131","127017.118443","1019"
"1019","698333.435131","132790.623827","1020"
"1020","698333.435131","138564.129211","1021"
"1021","698333.435131","144337.634595","1022"
"1022","698333.435131","150111.139979","1023"
"1023","698333.435131","155884.645362","1024"
"1024","698333.435131","161658.150746","1025"
"1025","698333.435131","167431.65613","1026"
"1026","698333.435131","173205.161514","1027"
"1027","698333.435131","178978.666898","1028"
"1028","698333.435131","184752.172281","1029"
"1029","698333.435131","190525.677665","1030"
"1030","698333.435131","196299.183049","1031"
"1031","698333.435131","202072.688433","1032"
"1032","698333.435131","207846.193817","1033"
"1033","698333.435131","213619.6992","1034"
"1034","698333.435131","219393.204584","1035"
"1035","698333.435131","225166.709968","1036"
"1036","698333.435131","230940.215352","1037"
"1037","698333.435131","236713.720736","1038"
"1038","698333.435131","242487.226119","1039"
"1039","698333.435131","248260.731503","1040"
"1040","698333.435131","254034.236887","1041"
"1041","698333.435131","259807.742271","1042"
"1042","698333.435131","265581.247655","1043"
"1043","698333.435131","271354.753038","1044"
"1044","698333.435131","277128.258422","1045"
"1045","698333.435131","282901.763806","1046"
"1046","698333.435131","288675.26919","1047"
"1047","703333.437463","95262.8388326","1048"
"1048","703333.437463","106809.8496","1049"
"1049","703333.437463","112583.354984","1050"
"1050","703333.437463","118356.860368","1051"
"1051","703333.437463","124130.365752","1052"
"1052","703333.437463","129903.871135","1053"
"1053","703333.437463","135677.376519","1054"
"1054","703333.437463","141450.881903","1055"
"1055","703333.437463","147224.387287","1056"
"1056","703333.437463","152997.892671","1057"
"1057","703333.437463","158771.398054","1058"
"1058","703333.437463","164544.903438","1059"
"1059","703333.437463","170318.408822","1060"
"1060","703333.437463","176091.914206","1061"
"1061","703333.437463","181865.41959","1062"
"1062","703333.437463","187638.924973","1063"
"1063","703333.437463","193412.430357","1064"
"1064","703333.437463","199185.935741","1065"
"1065","703333.437463","204959.441125","1066"
"1066","703333.437463","210732.946508","1067"
"1067","703333.437463","216506.451892","1068"
"1068","703333.437463","222279.957276","1069"
"1069","703333.437463","228053.46266","1070"
"1070","703333.437463","233826.968044","1071"
"1071","703333.437463","239600.473427","1072"
"1072","703333.437463","245373.978811","1073"
"1073","703333.437463","251147.484195","1074"
"1074","703333.437463","256920.989579","1075"
"1075","703333.437463","262694.494963","1076"
"1076","703333.437463","268468.000346","1077"
"1077","703333.437463","274241.50573","1078"
"1078","703333.437463","280015.011114","1079"
"1079","703333.437463","285788.516498","1080"
"1080","708333.439794","92376.0861407","1081"
"1081","708333.439794","98149.5915245","1082"
"1082","708333.439794","103923.096908","1083"
"1083","708333.439794","109696.602292","1084"
"1084","708333.439794","115470.107676","1085"
"1085","708333.439794","121243.61306","1086"
"1086","708333.439794","127017.118443","1087"
"1087","708333.439794","132790.623827","1088"
"1088","708333.439794","138564.129211","1089"
"1089","708333.439794","144337.634595","1090"
"1090","708333.439794","150111.139979","1091"
"1091","708333.439794","155884.645362","1092"
"1092","708333.439794","161658.150746","1093"
"1093","708333.439794","167431.65613","1094"
"1094","708333.439794","173205.161514","1095"
"1095","708333.439794","178978.666898","1096"
"1096","708333.439794","184752.172281","1097"
"1097","708333.439794","190525.677665","1098"
"1098","708333.439794","196299.183049","1099"
"1099","708333.439794","202072.688433","1100"
"1100","708333.439794","207846.193817","1101"
"1101","708333.439794","213619.6992","1102"
"1102","708333.439794","219393.204584","1103"
"1103","708333.439794","225166.709968","1104"
"1104","708333.439794","230940.215352","1105"
"1105","708333.439794","236713.720736","1106"
"1106","708333.439794","242487.226119","1107"
"1107","708333.439794","248260.731503","1108"
"1108","708333.439794","254034.236887","1109"
"1109","708333.439794","259807.742271","1110"
"1110","708333.439794","265581.247655","1111"
"1111","708333.439794","271354.753038","1112"
"1112","708333.439794","277128.258422","1113"
"1113","708333.439794","282901.763806","1114"
"1114","713333.442125","77942.3226812","1115"
"1115","713333.442125","83715.828065","1116"
"1116","713333.442125","89489.3334488","1117"
"1117","713333.442125","95262.8388326","1118"
"1118","713333.442125","101036.344216","1119"
"1119","713333.442125","106809.8496","1120"
"1120","713333.442125","112583.354984","1121"
"1121","713333.442125","118356.860368","1122"
"1122","713333.442125","124130.365752","1123"
"1123","713333.442125","129903.871135","1124"
"1124","713333.442125","135677.376519","1125"
"1125","713333.442125","141450.881903","1126"
"1126","713333.442125","147224.387287","1127"
"1127","713333.442125","152997.892671","1128"
"1128","713333.442125","158771.398054","1129"
"1129","713333.442125","164544.903438","1130"
"1130","713333.442125","170318.408822","1131"
"1131","713333.442125","176091.914206","1132"
"1132","713333.442125","181865.41959","1133"
"1133","713333.442125","187638.924973","1134"
"1134","713333.442125","193412.430357","1135"
"1135","713333.442125","199185.935741","1136"
"1136","713333.442125","204959.441125","1137"
"1137","713333.442125","210732.946508","1138"
"1138","713333.442125","216506.451892","1139"
"1139","713333.442125","222279.957276","1140"
"1140","713333.442125","228053.46266","1141"
"1141","713333.442125","233826.968044","1142"
"1142","713333.442125","239600.473427","1143"
"1143","713333.442125","245373.978811","1144"
"1144","713333.442125","251147.484195","1145"
"1145","713333.442125","256920.989579","1146"
"1146","713333.442125","262694.494963","1147"
"1147","713333.442125","268468.000346","1148"
"1148","713333.442125","274241.50573","1149"
"1149","713333.442125","280015.011114","1150"
"1150","718333.444456","80829.0753731","1151"
"1151","718333.444456","86602.5807569","1152"
"1152","718333.444456","92376.0861407","1153"
"1153","718333.444456","98149.5915245","1154"
"1154","718333.444456","103923.096908","1155"
"1155","718333.444456","109696.602292","1156"
"1156","718333.444456","115470.107676","1157"
"1157","718333.444456","121243.61306","1158"
"1158","718333.444456","127017.118443","1159"
"1159","718333.444456","132790.623827","1160"
"1160","718333.444456","138564.129211","1161"
"1161","718333.444456","144337.634595","1162"
"1162","718333.444456","150111.139979","1163"
"1163","718333.444456","155884.645362","1164"
"1164","718333.444456","161658.150746","1165"
"1165","718333.444456","167431.65613","1166"
"1166","718333.444456","173205.161514","1167"
"1167","718333.444456","178978.666898","1168"
"1168","718333.444456","184752.172281","1169"
"1169","718333.444456","190525.677665","1170"
"1170","718333.444456","196299.183049","1171"
"1171","718333.444456","202072.688433","1172"
"1172","718333.444456","207846.193817","1173"
"1173","718333.444456","213619.6992","1174"
"1174","718333.444456","219393.204584","1175"
"1175","718333.444456","225166.709968","1176"
"1176","718333.444456","230940.215352","1177"
"1177","718333.444456","236713.720736","1178"
"1178","718333.444456","242487.226119","1179"
"1179","718333.444456","248260.731503","1180"
"1180","718333.444456","254034.236887","1181"
"1181","718333.444456","259807.742271","1182"
"1182","718333.444456","265581.247655","1183"
"1183","718333.444456","271354.753038","1184"
"1184","718333.444456","277128.258422","1185"
"1185","718333.444456","282901.763806","1186"
"1186","723333.446788","77942.3226812","1187"
"1187","723333.446788","83715.828065","1188"
"1188","723333.446788","89489.3334488","1189"
"1189","723333.446788","95262.8388326","1190"
"1190","723333.446788","101036.344216","1191"
"1191","723333.446788","106809.8496","1192"
"1192","723333.446788","112583.354984","1193"
"1193","723333.446788","118356.860368","1194"
"1194","723333.446788","124130.365752","1195"
"1195","723333.446788","129903.871135","1196"
"1196","723333.446788","135677.376519","1197"
"1197","723333.446788","141450.881903","1198"
"1198","723333.446788","147224.387287","1199"
"1199","723333.446788","152997.892671","1200"
"1200","723333.446788","158771.398054","1201"
"1201","723333.446788","164544.903438","1202"
"1202","723333.446788","170318.408822","1203"
"1203","723333.446788","176091.914206","1204"
"1204","723333.446788","181865.41959","1205"
"1205","723333.446788","187638.924973","1206"
"1206","723333.446788","193412.430357","1207"
"1207","723333.446788","199185.935741","1208"
"1208","723333.446788","204959.441125","1209"
"1209","723333.446788","210732.946508","1210"
"1210","723333.446788","216506.451892","1211"
"1211","723333.446788","222279.957276","1212"
"1212","723333.446788","228053.46266","1213"
"1213","723333.446788","233826.968044","1214"
"1214","723333.446788","239600.473427","1215"
"1215","723333.446788","245373.978811","1216"
"1216","723333.446788","251147.484195","1217"
"1217","723333.446788","256920.989579","1218"
"1218","723333.446788","262694.494963","1219"
"1219","723333.446788","268468.000346","1220"
"1220","723333.446788","274241.50573","1221"
"1221","723333.446788","280015.011114","1222"
"1222","728333.449119","80829.0753731","1223"
"1223","728333.449119","103923.096908","1224"
"1224","728333.449119","109696.602292","1225"
"1225","728333.449119","115470.107676","1226"
"1226","728333.449119","121243.61306","1227"
"1227","728333.449119","127017.118443","1228"
"1228","728333.449119","132790.623827","1229"
"1229","728333.449119","138564.129211","1230"
"1230","728333.449119","144337.634595","1231"
"1231","728333.449119","150111.139979","1232"
"1232","728333.449119","155884.645362","1233"
"1233","728333.449119","161658.150746","1234"
"1234","728333.449119","167431.65613","1235"
"1235","728333.449119","173205.161514","1236"
"1236","728333.449119","178978.666898","1237"
"1237","728333.449119","184752.172281","1238"
"1238","728333.449119","190525.677665","1239"
"1239","728333.449119","196299.183049","1240"
"1240","728333.449119","202072.688433","1241"
"1241","728333.449119","207846.193817","1242"
"1242","728333.449119","213619.6992","1243"
"1243","728333.449119","219393.204584","1244"
"1244","728333.449119","225166.709968","1245"
"1245","728333.449119","230940.215352","1246"
"1246","728333.449119","236713.720736","1247"
"1247","728333.449119","242487.226119","1248"
"1248","728333.449119","248260.731503","1249"
"1249","728333.449119","254034.236887","1250"
"1250","728333.449119","259807.742271","1251"
"1251","728333.449119","265581.247655","1252"
"1252","728333.449119","271354.753038","1253"
"1253","728333.449119","277128.258422","1254"
"1254","728333.449119","282901.763806","1255"
"1255","733333.45145","112583.354984","1256"
"1256","733333.45145","118356.860368","1257"
"1257","733333.45145","124130.365752","1258"
"1258","733333.45145","129903.871135","1259"
"1259","733333.45145","135677.376519","1260"
"1260","733333.45145","141450.881903","1261"
"1261","733333.45145","147224.387287","1262"
"1262","733333.45145","152997.892671","1263"
"1263","733333.45145","158771.398054","1264"
"1264","733333.45145","164544.903438","1265"
"1265","733333.45145","170318.408822","1266"
"1266","733333.45145","176091.914206","1267"
"1267","733333.45145","181865.41959","1268"
"1268","733333.45145","187638.924973","1269"
"1269","733333.45145","193412.430357","1270"
"1270","733333.45145","199185.935741","1271"
"1271","733333.45145","204959.441125","1272"
"1272","733333.45145","210732.946508","1273"
"1273","733333.45145","216506.451892","1274"
"1274","733333.45145","222279.957276","1275"
"1275","733333.45145","228053.46266","1276"
"1276","733333.45145","233826.968044","1277"
"1277","733333.45145","239600.473427","1278"
"1278","733333.45145","245373.978811","1279"
"1279","733333.45145","251147.484195","1280"
"1280","733333.45145","256920.989579","1281"
"1281","733333.45145","262694.494963","1282"
"1282","733333.45145","268468.000346","1283"
"1283","733333.45145","274241.50573","1284"
"1284","733333.45145","280015.011114","1285"
"1285","738333.453781","121243.61306","1286"
"1286","738333.453781","127017.118443","1287"
"1287","738333.453781","132790.623827","1288"
"1288","738333.453781","138564.129211","1289"
"1289","738333.453781","144337.634595","1290"
"1290","738333.453781","150111.139979","1291"
"1291","738333.453781","155884.645362","1292"
"1292","738333.453781","161658.150746","1293"
"1293","738333.453781","167431.65613","1294"
"1294","738333.453781","173205.161514","1295"
"1295","738333.453781","178978.666898","1296"
"1296","738333.453781","184752.172281","1297"
"1297","738333.453781","190525.677665","1298"
"1298","738333.453781","196299.183049","1299"
"1299","738333.453781","202072.688433","1300"
"1300","738333.453781","207846.193817","1301"
"1301","738333.453781","213619.6992","1302"
"1302","738333.453781","219393.204584","1303"
"1303","738333.453781","225166.709968","1304"
"1304","738333.453781","230940.215352","1305"
"1305","738333.453781","236713.720736","1306"
"1306","738333.453781","242487.226119","1307"
"1307","738333.453781","248260.731503","1308"
"1308","738333.453781","254034.236887","1309"
"1309","738333.453781","259807.742271","1310"
"1310","738333.453781","265581.247655","1311"
"1311","738333.453781","271354.753038","1312"
"1312","738333.453781","277128.258422","1313"
"1313","743333.456113","129903.871135","1314"
"1314","743333.456113","135677.376519","1315"
"1315","743333.456113","141450.881903","1316"
"1316","743333.456113","152997.892671","1317"
"1317","743333.456113","158771.398054","1318"
"1318","743333.456113","164544.903438","1319"
"1319","743333.456113","170318.408822","1320"
"1320","743333.456113","176091.914206","1321"
"1321","743333.456113","181865.41959","1322"
"1322","743333.456113","187638.924973","1323"
"1323","743333.456113","193412.430357","1324"
"1324","743333.456113","199185.935741","1325"
"1325","743333.456113","204959.441125","1326"
"1326","743333.456113","210732.946508","1327"
"1327","743333.456113","216506.451892","1328"
"1328","743333.456113","222279.957276","1329"
"1329","743333.456113","228053.46266","1330"
"1330","743333.456113","233826.968044","1331"
"1331","743333.456113","239600.473427","1332"
"1332","743333.456113","245373.978811","1333"
"1333","743333.456113","251147.484195","1334"
"1334","743333.456113","256920.989579","1335"
"1335","743333.456113","262694.494963","1336"
"1336","743333.456113","268468.000346","1337"
"1337","743333.456113","274241.50573","1338"
"1338","748333.458444","150111.139979","1339"
"1339","748333.458444","155884.645362","1340"
"1340","748333.458444","161658.150746","1341"
"1341","748333.458444","167431.65613","1342"
"1342","748333.458444","173205.161514","1343"
"1343","748333.458444","178978.666898","1344"
"1344","748333.458444","184752.172281","1345"
"1345","748333.458444","190525.677665","1346"
"1346","748333.458444","196299.183049","1347"
"1347","748333.458444","202072.688433","1348"
"1348","748333.458444","207846.193817","1349"
"1349","748333.458444","213619.6992","1350"
"1350","748333.458444","219393.204584","1351"
"1351","748333.458444","225166.709968","1352"
"1352","748333.458444","230940.215352","1353"
"1353","748333.458444","236713.720736","1354"
"1354","748333.458444","242487.226119","1355"
"1355","748333.458444","248260.731503","1356"
"1356","748333.458444","254034.236887","1357"
"1357","748333.458444","259807.742271","1358"
"1358","748333.458444","265581.247655","1359"
"1359","748333.458444","271354.753038","1360"
"1360","753333.460775","135677.376519","1361"
"1361","753333.460775","141450.881903","1362"
"1362","753333.460775","147224.387287","1363"
"1363","753333.460775","152997.892671","1364"
"1364","753333.460775","158771.398054","1365"
"1365","753333.460775","164544.903438","1366"
"1366","753333.460775","170318.408822","1367"
"1367","753333.460775","176091.914206","1368"
"1368","753333.460775","181865.41959","1369"
"1369","753333.460775","187638.924973","1370"
"1370","753333.460775","193412.430357","1371"
"1371","753333.460775","199185.935741","1372"
"1372","753333.460775","204959.441125","1373"
"1373","753333.460775","210732.946508","1374"
"1374","753333.460775","216506.451892","1375"
"1375","753333.460775","222279.957276","1376"
"1376","753333.460775","228053.46266","1377"
"1377","753333.460775","233826.968044","1378"
"1378","753333.460775","239600.473427","1379"
"1379","753333.460775","245373.978811","1380"
"1380","753333.460775","251147.484195","1381"
"1381","753333.460775","256920.989579","1382"
"1382","753333.460775","262694.494963","1383"
"1383","753333.460775","268468.000346","1384"
"1384","758333.463106","132790.623827","1385"
"1385","758333.463106","138564.129211","1386"
"1386","758333.463106","144337.634595","1387"
"1387","758333.463106","150111.139979","1388"
"1388","758333.463106","155884.645362","1389"
"1389","758333.463106","161658.150746","1390"
"1390","758333.463106","167431.65613","1391"
"1391","758333.463106","173205.161514","1392"
"1392","758333.463106","178978.666898","1393"
"1393","758333.463106","184752.172281","1394"
"1394","758333.463106","190525.677665","1395"
"1395","758333.463106","196299.183049","1396"
"1396","758333.463106","202072.688433","1397"
"1397","758333.463106","207846.193817","1398"
"1398","758333.463106","213619.6992","1399"
"1399","758333.463106","219393.204584","1400"
"1400","758333.463106","225166.709968","1401"
"1401","758333.463106","230940.215352","1402"
"1402","758333.463106","236713.720736","1403"
"1403","758333.463106","242487.226119","1404"
"1404","758333.463106","248260.731503","1405"
"1405","758333.463106","254034.236887","1406"
"1406","758333.463106","259807.742271","1407"
"1407","758333.463106","265581.247655","1408"
"1408","763333.465438","129903.871135","1409"
"1409","763333.465438","135677.376519","1410"
"1410","763333.465438","141450.881903","1411"
"1411","763333.465438","147224.387287","1412"
"1412","763333.465438","152997.892671","1413"
"1413","763333.465438","158771.398054","1414"
"1414","763333.465438","164544.903438","1415"
"1415","763333.465438","170318.408822","1416"
"1416","763333.465438","176091.914206","1417"
"1417","763333.465438","181865.41959","1418"
"1418","763333.465438","187638.924973","1419"
"1419","763333.465438","193412.430357","1420"
"1420","763333.465438","199185.935741","1421"
"1421","763333.465438","204959.441125","1422"
"1422","763333.465438","210732.946508","1423"
"1423","763333.465438","216506.451892","1424"
"1424","763333.465438","245373.978811","1425"
"1425","763333.465438","251147.484195","1426"
"1426","763333.465438","256920.989579","1427"
"1427","763333.465438","262694.494963","1428"
"1428","768333.467769","127017.118443","1429"
"1429","768333.467769","132790.623827","1430"
"1430","768333.467769","138564.129211","1431"
"1431","768333.467769","144337.634595","1432"
"1432","768333.467769","150111.139979","1433"
"1433","768333.467769","155884.645362","1434"
"1434","768333.467769","161658.150746","1435"
"1435","768333.467769","167431.65613","1436"
"1436","768333.467769","173205.161514","1437"
"1437","768333.467769","178978.666898","1438"
"1438","768333.467769","184752.172281","1439"
"1439","768333.467769","190525.677665","1440"
"1440","768333.467769","196299.183049","1441"
"1441","768333.467769","202072.688433","1442"
"1442","768333.467769","207846.193817","1443"
"1443","768333.467769","213619.6992","1444"
"1444","768333.467769","254034.236887","1445"
"1445","768333.467769","259807.742271","1446"
"1446","773333.4701","129903.871135","1447"
"1447","773333.4701","135677.376519","1448"
"1448","773333.4701","141450.881903","1449"
"1449","773333.4701","147224.387287","1450"
"1450","773333.4701","152997.892671","1451"
"1451","773333.4701","158771.398054","1452"
"1452","773333.4701","164544.903438","1453"
"1453","773333.4701","170318.408822","1454"
"1454","773333.4701","176091.914206","1455"
"1455","773333.4701","181865.41959","1456"
"1456","773333.4701","187638.924973","1457"
"1457","773333.4701","193412.430357","1458"
"1458","773333.4701","199185.935741","1459"
"1459","773333.4701","204959.441125","1460"
"1460","773333.4701","210732.946508","1461"
"1461","778333.472431","132790.623827","1462"
"1462","778333.472431","138564.129211","1463"
"1463","778333.472431","144337.634595","1464"
"1464","778333.472431","150111.139979","1465"
"1465","778333.472431","155884.645362","1466"
"1466","778333.472431","161658.150746","1467"
"1467","778333.472431","167431.65613","1468"
"1468","778333.472431","173205.161514","1469"
"1469","778333.472431","178978.666898","1470"
"1470","778333.472431","184752.172281","1471"
"1471","778333.472431","190525.677665","1472"
"1472","778333.472431","196299.183049","1473"
"1473","778333.472431","202072.688433","1474"
"1474","778333.472431","207846.193817","1475"
"1475","778333.472431","213619.6992","1476"
"1476","783333.474763","135677.376519","1477"
"1477","783333.474763","141450.881903","1478"
"1478","783333.474763","147224.387287","1479"
"1479","783333.474763","152997.892671","1480"
"1480","783333.474763","158771.398054","1481"
"1481","783333.474763","164544.903438","1482"
"1482","783333.474763","170318.408822","1483"
"1483","783333.474763","176091.914206","1484"
"1484","783333.474763","181865.41959","1485"
"1485","783333.474763","187638.924973","1486"
"1486","783333.474763","193412.430357","1487"
"1487","783333.474763","199185.935741","1488"
"1488","783333.474763","204959.441125","1489"
"1489","783333.474763","210732.946508","1490"
"1490","788333.477094","138564.129211","1491"
"1491","788333.477094","144337.634595","1492"
"1492","788333.477094","150111.139979","1493"
"1493","788333.477094","155884.645362","1494"
"1494","788333.477094","161658.150746","1495"
"1495","788333.477094","167431.65613","1496"
"1496","788333.477094","173205.161514","1497"
"1497","788333.477094","178978.666898","1498"
"1498","788333.477094","184752.172281","1499"
"1499","788333.477094","190525.677665","1500"
"1500","788333.477094","196299.183049","1501"
"1501","788333.477094","202072.688433","1502"
"1502","793333.479425","129903.871135","1503"
"1503","793333.479425","135677.376519","1504"
"1504","793333.479425","141450.881903","1505"
"1505","793333.479425","147224.387287","1506"
"1506","793333.479425","152997.892671","1507"
"1507","793333.479425","158771.398054","1508"
"1508","793333.479425","164544.903438","1509"
"1509","793333.479425","170318.408822","1510"
"1510","793333.479425","176091.914206","1511"
"1511","793333.479425","181865.41959","1512"
"1512","793333.479425","187638.924973","1513"
"1513","793333.479425","193412.430357","1514"
"1514","793333.479425","199185.935741","1515"
"1515","798333.481756","121243.61306","1516"
"1516","798333.481756","127017.118443","1517"
"1517","798333.481756","132790.623827","1518"
"1518","798333.481756","138564.129211","1519"
"1519","798333.481756","144337.634595","1520"
"1520","798333.481756","150111.139979","1521"
"1521","798333.481756","155884.645362","1522"
"1522","798333.481756","161658.150746","1523"
"1523","798333.481756","167431.65613","1524"
"1524","798333.481756","173205.161514","1525"
"1525","798333.481756","178978.666898","1526"
"1526","798333.481756","184752.172281","1527"
"1527","798333.481756","190525.677665","1528"
"1528","798333.481756","196299.183049","1529"
"1529","803333.484088","124130.365752","1530"
"1530","803333.484088","129903.871135","1531"
"1531","803333.484088","135677.376519","1532"
"1532","803333.484088","141450.881903","1533"
"1533","803333.484088","147224.387287","1534"
"1534","803333.484088","158771.398054","1535"
"1535","803333.484088","164544.903438","1536"
"1536","803333.484088","170318.408822","1537"
"1537","803333.484088","176091.914206","1538"
"1538","803333.484088","181865.41959","1539"
"1539","803333.484088","187638.924973","1540"
"1540","803333.484088","193412.430357","1541"
"1541","808333.486419","121243.61306","1542"
"1542","808333.486419","127017.118443","1543"
"1543","808333.486419","132790.623827","1544"
"1544","808333.486419","138564.129211","1545"
"1545","808333.486419","144337.634595","1546"
"1546","808333.486419","167431.65613","1547"
"1547","808333.486419","173205.161514","1548"
"1548","808333.486419","178978.666898","1549"
"1549","808333.486419","184752.172281","1550"
"1550","808333.486419","190525.677665","1551"
"1551","808333.486419","196299.183049","1552"
"1552","813333.48875","164544.903438","1553"
"1553","813333.48875","170318.408822","1554"
"1554","813333.48875","176091.914206","1555"
"1555","813333.48875","181865.41959","1556"
"1556","813333.48875","187638.924973","1557"
"1557","813333.48875","193412.430357","1558"
"1558","813333.48875","199185.935741","1559"
"1559","818333.491081","161658.150746","1560"
"1560","818333.491081","167431.65613","1561"
"1561","818333.491081","173205.161514","1562"
"1562","818333.491081","178978.666898","1563"
"1563","818333.491081","184752.172281","1564"
"1564","818333.491081","190525.677665","1565"
"1565","818333.491081","196299.183049","1566"
"1566","818333.491081","202072.688433","1567"
"1567","818333.491081","207846.193817","1568"
"1568","823333.493413","158771.398054","1569"
"1569","823333.493413","164544.903438","1570"
"1570","823333.493413","170318.408822","1571"
"1571","823333.493413","176091.914206","1572"
"1572","823333.493413","181865.41959","1573"
"1573","823333.493413","187638.924973","1574"
"1574","823333.493413","193412.430357","1575"
"1575","823333.493413","199185.935741","1576"
"1576","823333.493413","204959.441125","1577"
"1577","823333.493413","210732.946508","1578"
"1578","828333.495744","155884.645362","1579"
"1579","828333.495744","161658.150746","1580"
"1580","828333.495744","167431.65613","1581"
"1581","828333.495744","178978.666898","1582"
"1582","828333.495744","184752.172281","1583"
"1583","828333.495744","190525.677665","1584"
"1584","828333.495744","196299.183049","1585"
"1585","828333.495744","202072.688433","1586"
"1586","828333.495744","207846.193817","1587"
"1587","833333.498075","158771.398054","1588"
"1588","833333.498075","164544.903438","1589"
"1589","833333.498075","199185.935741","1590"
