,Code,Affluence,x,y,stop_id,ID
0,AAT,770,47.3359563788,8.76561022548,8503124,1039.0
1,AE,2100,47.4677359724,7.603054764360001,8500117,525.0
2,ALL,3000,46.47573952729999,6.39970400408,8501035,50.0
3,AW,3000,47.550447156400004,9.30221759023,8506109,1337.0
4,ARN,210,47.4420020412,9.252006019380001,8506211,1309.0
5,BAAL,1100,47.1831330124,8.5170440227,8515993,936.0
6,BRAG,2200,47.0103066077,9.50521579767,8509004,1398.0
7,BD,33300,47.476420225,8.307692763099999,8503504,831.0
8,BLG,240,47.1856838433,8.28020982028,8502025,826.0
9,BSDH,1800,47.5378619945,7.608941801519999,8500136,526.0
10,BSC,1000,47.3366812155,7.24684027661,8500122,368.0
11,BNK,320,47.2044563538,9.00863107374,8503118,1177.0
12,BN,180700,46.948824497,7.439119005760001,8507000,421.0
13,BET,670,47.1949438967,7.428362068639999,8500203,425.0
14,BIBD,300,47.1583882845,7.294587129560001,8518771,365.0
15,BWL,170,47.2878476573,8.19899810707,8502033,802.0
16,BCT,190,47.4926207616,7.01654285948,8500128,245.0
17,BOSS,220,46.5097374876,6.69932418234,8504003,103.0
18,BOT,240,47.640707871400004,9.21308178053,8506127,1285.0
19,BDR,210,46.95944422229999,6.8350463259300005,8504208,152.0
20,BZ,50,46.6531450954,6.7912628257000005,8504019,125.0
21,BRZ,1500,46.7548403226,8.03893624435,8508305,736.0
22,BR,15900,46.3194210071,7.98809158467,8501609,698.0
23,BRUE,520,46.7577632267,8.13864485952,8508309,765.0
24,BRU,2600,46.9991749288,8.61004816648,8505007,966.0
25,BDF,14500,47.0606957305,7.62168894507,8508005,517.0
26,BY,2700,46.5475795245,6.55181947041,8501117,79.0
27,CHAA,1300,47.1822828869,8.471441176810002,8515995,904.0
28,CF,6800,47.0977981537,6.82602846666,8504314,155.0
29,CHS,210,46.8169390093,6.78639389651,8504131,128.0
30,CBY,240,46.2711806973,6.94875976335,8501422,189.0
31,CORN,440,47.038559922299996,7.0233637328,8504223,236.0
32,COS,2400,46.6060023579,6.5236830352999995,8501115,70.0
33,CTM,70,47.4558625333,7.055371725669999,8500127,277.0
34,DAG,850,47.217551987200004,7.9790154504899995,8502004,685.0
35,DK,750,47.356386391,7.97875336334,8502111,718.0
36,DIE,140,47.4495555927,7.8377022189,8500031,624.0
37,DSB,120,46.946176969300005,9.02436242331,8503237,1172.0
38,DTL,7300,47.4201947418,8.619255890669999,8503306,974.0
39,DOR,4800,47.488608338999995,7.61110691339,8500118,525.0
40,DOT,1300,47.3736425259,8.23468774088,8502212,804.0
41,EBR,3300,47.0705979582,8.28255105833,8502021,824.0
42,EP,110,46.7464094417,6.60765826253,8501110,95.0
43,ER,890,46.8203404742,8.6504428878,8505114,996.0
44,EW,190,47.661143680600006,8.818593745880001,8506025,1079.0
45,FG,130,46.9082315978,7.074592657919999,8504127,266.0
46,FMS,470,47.09661284680001,9.34791662857,8509413,1328.0
47,FRI,21600,46.8032670642,7.151023245189999,8504100,297.0
48,GIB,240,47.3137146634,8.9154940778,8503137,1143.0
49,GIU,5200,46.173818358199995,9.00358391238,8505214,1157.0
50,GL,2700,47.0399200317,9.0715516467,8503230,1210.0
51,GDA,710,46.1790452957,8.86576625228,8505402,1085.0
52,GREL,1700,47.441290600100004,7.59198326877,8500115,525.0
53,GRO,540,46.8319680926,7.066052910110001,8504138,265.0
54,HAE,1400,47.330260510900004,7.843809717310001,8500215,622.0
55,HGV,920,47.0471709782,6.87466858452,8504237,177.0
56,HDK,380,47.3894242237,8.20737399629,8502211,804.0
57,LHE,130,47.1894830754,7.225388680689999,8504303,336.0
58,HN,500,47.493176823999995,9.46337580999,8506307,1383.0
59,HUEW,1100,47.581266846700004,8.512820748989999,8503403,912.0
60,IM,390,47.091613778100005,8.462660146489998,8505003,902.0
61,IO,10800,46.6905054601,7.869005137439999,8507492,643.0
62,ISL,810,47.547835437299995,8.846180655289999,8506019,1077.0
63,JE,550,47.6544006039,8.57327389271,8503421,945.0
64,KE,600,47.452833265,8.70557069755,8503304,1008.0
65,KLW,3600,47.433328238,8.35419430986,8503506,855.0
66,KUES,5000,47.3191528026,8.58061588761,8503101,972.0
67,LA,2800,47.190068573999994,8.85269238166,8503220,1104.0
68,LAPR,1100,46.1888976308,6.125330125540001,8516155,11.0
69,LD,1100,47.056626064,7.0663294723100005,8504225,269.0
70,LDS,260,47.6288954671,9.24694004807,8588122,1313.0
71,LTH,11400,47.217300377700006,7.784708852760001,8508100,620.0
72,LFN,5400,47.4193383263,7.50263030739,8500113,460.0
73,LECH,140,46.8284488203,7.011620436319999,8504137,232.0
74,LIN,340,46.9255699583,8.99777825107,8503239,1171.0
75,LINB,300,46.928393834,9.00248305864,8503240,1171.0
76,LU,360,46.9650649888,9.0390086553,8503236,1209.0
77,LUPF,220,47.4451758366,8.21496733295,8502237,805.0
78,MAG,70,46.1453223595,8.850179137949999,8505406,1084.0
79,MANN,230,47.67364995770001,9.05277922071,8506134,1222.0
80,MAER,400,47.582818406499996,9.062181758200001,8506104,1221.0
81,MAE,220,47.5331267043,9.069217232989999,8506184,1220.0
82,MTR,120,46.7889298851,7.0963297902699995,8504029,264.0
83,MEG,120,47.050142264399994,8.38304450517,8505001,873.0
84,ML,8000,47.269812200000004,8.64429304135,8503104,971.0
85,MELN,70,47.568483974399996,8.352497232560001,8503414,858.0
86,MEN,3300,45.8691205007,8.97860209025,8505305,1151.0
87,MGT,500,47.2653781303,7.83209989652,8508102,621.0
88,MRT,1900,46.9253915414,7.11537589102,8504128,267.0
89,NAEF,1500,47.098719692799996,9.0699449253,8503227,1211.0
90,NHOF,1500,47.4506605026,8.33123368601,8503511,855.0
91,NIE,1800,47.478328760299995,8.48869130494,8503314,910.0
92,OB,690,47.3052431626,7.77171069136,8500213,589.0
93,OBK,440,47.155231571899996,8.11422262548,8502011,773.0
94,ORD,1000,47.2796754088,8.57844974795,8503203,971.0
95,OEN,5000,47.2850232125,7.709854694450001,8500212,555.0
96,OPP,50,47.5520637371,9.062091868060001,8506185,1220.0
97,OR,50,46.572533516499995,6.83710274179,8504020,145.0
98,OF,1300,47.4549348839,8.38750753521,8503528,881.0
99,OTH,1100,47.407426901099996,8.214788364450001,8502105,804.0
100,AI,540,46.5275264817,8.608605134500001,8505201,957.0
101,ADF,1400,46.9406471179,8.27524412618,8508316,821.0
102,AL,410,46.875740726800004,8.631565720160001,8505113,997.0
103,AP,50,46.510616719,8.69015147937,8505202,1023.0
104,BLGK,450,47.1806078267,8.28057856573,8516353,826.0
105,BSSJ,90,47.5702960042,7.57251267012,8500016,495.0
106,BAV,170,46.6876714456,6.559331959319999,8501113,82.0
107,BIR,4000,47.357431794499995,8.437543743400001,8502221,879.0
108,BZS,920,47.4921416385,9.24146504156,8506213,1282.0
109,BOLE,310,46.9689572835,6.83768561375,8504218,153.0
110,BONI,320,47.3150345145,8.1845453245,8502032,803.0
111,BON,3600,47.3258957392,8.46817514105,8502222,907.0
112,BRZW,110,46.7573112501,8.02036390102,8508329,706.0
113,BG,20000,47.4808528316,8.20882744791,8500309,806.0
114,BUC,150,47.4089834328,7.847786180880001,8500034,657.0
115,BUE,17200,47.5239413008,8.53618858988,8503400,942.0
116,BURI,970,46.4478763825,6.877115671960001,8501202,165.0
117,CHY,530,46.2423769792,6.1473392447599995,8501020,12.0
118,CHA,120,46.188835385299996,7.2410985744000005,8501504,316.0
119,CHV,1700,46.7100764779,6.56816025319,8501112,83.0
120,CHE,190,46.74920070140001,7.000432111389999,8504025,231.0
121,CLB,300,46.9676392173,6.84886986434,8504209,175.0
122,CS,160,46.8288436102,6.9571860007,8504135,200.0
123,CP,470,46.9833400639,6.88380561207,8504232,175.0
124,CO,170,47.1893284366,7.107296238060001,8504306,272.0
125,CCH,50,47.439761498900005,7.05763565777,8500141,244.0
126,CTY,480,47.1756195642,7.068796535860001,8504307,271.0
127,CTT,680,47.342822328100006,7.317930625900001,8500120,368.0
128,CGY,290,46.8160232571,6.889163005689999,8504133,172.0
129,DA,950,47.6670843791,8.61379705884,8506049,979.0
130,DAL,550,46.9337794802,8.39205809023,8508392,871.0
131,DEN,410,46.5291203863,6.54050855527,8501045,79.0
132,DEU,340,46.985518380100004,6.899149402000001,8504231,175.0
133,EMB,2400,47.520587829600004,8.587054979500001,8506041,976.0
134,EZ,260,47.645410149499995,8.876536876849999,8506138,1113.0
135,ESP,50,46.727659575299995,6.5806576222099995,8501111,83.0
136,ETOY,1200,46.4751599503,6.42713908598,8501042,57.0
137,FA,300,46.48307671,8.79070214577,8505204,1056.0
138,FET,3100,47.3851215525,8.750265096760002,8503302,1040.0
139,FEL,480,47.577101900500004,8.943160918039998,8506101,1148.0
140,FLA,3200,47.4151898192,9.1897661689,8506209,1280.0
141,FL,1600,46.9017256462,8.624293043080002,8505112,964.0
142,FRB,420,47.207307488199994,8.756199398080001,8503210,1037.0
143,GSK,1000,47.1213263146,8.39477668629,8502201,874.0
144,GOE,2100,46.6658163572,8.58879659143,8505119,959.0
145,GRAF,100,46.8706013366,8.37240400077,8508396,870.0
146,GRV,520,46.4969419201,6.72264722367,8504011,102.0
147,GS,4600,47.1887666151,7.39817426522,8500202,425.0
148,HED,2200,47.298782514799996,8.44595351443,8502223,878.0
149,HO,1700,47.166974361499996,8.28868696709,8502024,825.0
150,HOSA,610,47.164654783900005,8.29821242385,8502042,825.0
151,HG,7400,47.2614824887,8.59690458831,8503204,971.0
152,HGO,1800,47.258747038100005,8.58980260632,8502208,971.0
153,HW,2000,47.017477083,8.306970007230001,8508319,847.0
154,IT,1000,47.467266000900004,7.787206906939999,8500025,592.0
155,KHF,140,47.572184953199994,9.16976823984,8506193,1253.0
156,KR,8700,47.6525540444,9.16906514323,8506131,1254.0
157,KRB,280,47.642116708100005,9.163187194610002,8506197,1254.0
158,KGD,130,47.3074690567,7.941984790510001,8572680,687.0
159,KGO,1600,47.3268539021,8.57595174932,8503141,972.0
160,LGP,850,45.988950046099994,8.94627572854,8505301,1153.0
161,LUT,510,47.21714325439999,7.5835152491499995,8500208,520.0
162,LY,10300,47.0763151407,7.30629081519,8504414,363.0
163,MAM,290,47.644157669399995,8.91398444987,8506137,1113.0
164,MAR,600,45.9324428303,8.97393689235,8505303,1152.0
165,MEGZ,410,47.045042789700005,8.374124306539999,8505018,873.0
166,MTM,1900,47.244071938999994,8.45736538581,8502225,905.0
167,MEZ,460,46.0942810833,8.92858485104,8505217,1120.0
168,MIES,530,46.299875713599995,6.1695702204,8501014,23.0
169,MTH,1900,46.2556458933,6.9552285472,8501421,189.0
170,MML,130,46.99137375229999,6.84283726495,8504745,153.0
171,MO,160,47.244287319899996,8.224149055349999,8502029,801.0
172,MD,1200,46.668051643599995,6.80250491145,8504120,147.0
173,MUEL,560,47.5881673349,9.01550138775,8506103,1184.0
174,MSPI,560,47.6320503917,9.236108174349999,8506143,1313.0
175,MI,2200,47.276660186899996,8.3397982935,8502215,852.0
176,MU,4700,47.533580390299996,7.64787914262,8500020,560.0
177,NV,1400,47.0628240754,7.09522000485,8504226,269.0
178,NEY,450,46.766045857200005,7.06503067751,8504027,264.0
179,NID,170,46.9858964537,9.05925879887,8503234,1209.0
180,NOU,470,47.122362606,9.0623744371,8503226,1212.0
181,NB,560,47.27039639229999,7.694808253580001,8500211,555.0
182,NG,1100,47.4874689477,8.50329612568,8503313,910.0
183,NWD,750,47.505906090299995,8.38104986019,8503318,882.0
184,OA,130,47.553222311899994,9.2709268739,8506108,1312.0
185,PON,50,47.238841926499994,7.25415352503,8500135,366.0
186,PU,1900,46.510918992200004,6.65946254087,8501121,90.0
187,RW,21700,47.2248877672,8.81673057998,8503110,1071.0
188,REB,230,47.3926373927,9.58675061708,8506318,1426.0
189,RE,160,47.1257120451,6.92537048378,8504312,178.0
190,RIK,1200,47.5353542711,8.7891594117,8506018,1077.0
191,RID,460,46.17250106310001,7.2178509961,8501503,316.0
192,RIET,230,47.6007474568,8.27730806919,8503410,834.0
193,RIB,880,46.1239793633,8.92528147891,8505216,1120.0
194,ROL,3500,46.4627356609,6.3364081817999995,8501033,43.0
195,LBD,770,47.104857147299995,8.37379836133,8515997,874.0
196,RSHF,1300,47.4785940343,9.492905676769999,8506306,1383.0
197,RK,12600,47.141758666499996,8.43047453438,8502202,875.0
198,RUEN,50,47.5653831658,8.37365327646,8503415,883.0
199,RUE,9800,47.2604821005,8.8540677825,8503121,1106.0
200,AIG,7000,46.3168441199,6.9636800936,8501400,190.0
201,AN,2100,47.593758988599994,8.677979535639999,8506047,1011.0
202,AX,200,46.698066273100004,6.51890326658,8501107,72.0
203,BLL,590,47.153764384700004,8.31688138659,8502023,850.0
204,BSD,4800,47.438563637200005,8.62619947666,8503307,974.0
205,BF,360,46.816917097600005,7.10622789234,8504139,265.0
206,BEL,13400,46.195436816000004,9.029508986869999,8505213,1194.0
207,BER,290,47.6732101292,9.02200129854,8506135,1186.0
208,BIA,1600,46.351982918000004,8.97416705214,8505209,1160.0
209,BI,42800,47.132892053199996,7.24290845288,8504300,335.0
210,BLU,390,47.2236693254,8.842383328510001,8503113,1105.0
211,BOS,750,47.305174603000005,8.31527271204,8502214,828.0
212,BRT,60,46.71504541189999,6.47473141459,8501105,72.0
213,BX,100,47.479321851899996,7.029955361030001,8500144,245.0
214,BNG,400,47.5560796135,9.08414102198,8506190,1220.0
215,CHN,430,46.967102679700005,6.81225337255,8504234,152.0
216,CHAT,290,46.570527767399994,6.8154849875600005,8504017,145.0
217,CHX,640,46.481052489899994,6.77854229136,8504013,122.0
218,CN,210,46.835252471800004,6.96028758905,8504123,200.0
219,CORM,70,47.1729358067,7.054120618480001,8504308,239.0
220,COT,400,46.751207901899996,7.03479684592,8504026,231.0
221,COUS,150,46.8186006837,6.97748421108,8504136,200.0
222,CRNE,400,47.0519392278,7.0395268329,8504224,237.0
223,CRET,300,47.077594138500004,6.78517707886,8504315,133.0
224,CRGD,350,46.263759506999996,6.16132058711,8501012,22.0
225,CR,310,46.6967038907,6.4781190746099995,8501106,72.0
226,CU,1400,46.488550014,6.72714757327,8501124,102.0
227,DMT,8500,47.362000655500005,7.35005384248,8500109,399.0
228,DT,19500,47.405777801999996,8.40496908474,8503508,880.0
229,DUG,590,47.453434899899996,7.603448390680001,8500116,525.0
230,DU,560,47.3542660407,7.94648945968,8502110,687.0
231,ECL,270,46.6571840947,6.5524209977400005,8501114,82.0
232,EF,16600,47.4258103324,8.68666226267,8503305,1007.0
233,EG,1100,47.3148575546,7.798949737489999,8500214,622.0
234,EGL,1500,47.5723728054,8.516535138510001,8503402,943.0
235,EI,420,47.5330359504,7.98977700634,8500304,721.0
236,EDA,550,47.032957068500004,9.07718226126,8503231,1210.0
237,ESB,770,47.1323911487,8.32277893852,8502022,849.0
238,EV,290,46.1692425762,7.025526479880001,8501404,220.0
239,FRE,3600,47.501457046999995,7.71909156777,8500022,593.0
240,FRIN,150,47.1694441249,7.257520198560001,8504301,365.0
241,GELF,330,47.2135545697,8.264806708430001,8502026,826.0
242,GE,60500,46.2102022669,6.14245302875,8501008,12.0
243,GESE,730,46.222435146,6.14455938175,8516283,12.0
244,GEC,350,47.015085057,6.8532134971200005,8504236,176.0
245,GF,900,47.5485571928,8.52403632788,8503401,943.0
246,GLO,870,47.3352002384,7.20929652415,8500123,339.0
247,GOL,1300,47.4737971116,9.46699032646,8506305,1383.0
248,GM,360,46.7588357696,6.89428928731,8504122,171.0
249,GUET,320,47.6087494286,9.29222710394,8506124,1313.0
250,HD,160,47.3286359778,8.17593763411,8502031,803.0
251,HGW,2700,46.9826127199,8.310165753089999,8508318,846.0
252,MATT,70,46.9936310359,8.31271109334,8508320,822.0
253,HERL,4000,47.2818232851,8.61271954112,8503103,971.0
254,HB,3500,47.188081330799996,7.700946426819999,8508008,553.0
255,HOBK,330,47.428634598900004,8.166598698889999,8502128,778.0
256,HUZY,1300,47.17360308,8.45007424526,8515996,904.0
257,KAU,2600,47.5384906334,7.724121015760001,8500300,560.0
258,KAI,150,46.8143668075,8.17550583177,8508311,793.0
259,KPT,850,47.2383929337,8.81429184846,8503112,1071.0
260,KWL,260,47.595497815600005,9.317405447819999,8506123,1338.0
261,KLI,540,47.5820892736,8.24881875083,8516176,808.0
262,KOL,1300,47.4583242963,8.77399383924,8506004,1075.0
263,KK,640,47.3372920119,8.0264455205,8502101,718.0
264,KRA,460,47.52471968729999,9.20155757744,8506216,1282.0
265,KURZ,530,47.643085479899995,9.196349574860001,8506119,1285.0
266,LAN,220,47.6834480371,8.66229616245,8503426,1012.0
267,LFG,810,47.5597640916,8.06127319304,8500322,751.0
268,LS,94100,46.5167786487,6.629093141089999,8501120,90.0
269,LEN,1100,47.179423338199996,7.36654652735,8500201,396.0
270,LENG,230,47.6255999765,9.19026101005,8506196,1284.0
271,LUC,700,46.707766829499995,6.84214373406,8504121,147.0
272,LG,14100,46.0055057275,8.94687441524,8505300,1154.0
273,LTY,1100,46.5037789699,6.6906116439900005,8501122,103.0
274,LZVH,560,47.053927868,8.337280239570001,8517336,848.0
275,MAEN,5100,47.2534223208,8.692332395060001,8503106,1004.0
276,MA,8400,46.10582730149999,7.07912247583,8501500,251.0
277,MDE,820,45.9557228958,8.9483527013,8505302,1153.0
278,MELH,2500,47.428071800699996,8.27633859072,8516219,830.0
279,VM,240,46.2223320008,6.0769127207,8501006,6.0
280,MIT,320,47.0101282312,9.08119403324,8503232,1210.0
281,STJ,470,46.5181892679,6.508045129889999,8501047,68.0
282,MOER,270,47.4747707737,9.41437284119,8506304,1358.0
283,MUEH,170,47.225014385,8.3885103326,8502217,876.0
284,MPF,970,47.5476175889,7.90961301385,8500303,660.0
285,NEB,1300,47.192373647,7.97744173598,8502005,715.0
286,NET,800,47.0645276001,9.05942421662,8503228,1211.0
287,NESE,520,46.9839549788,6.90335823773,8504220,175.0
288,NR,150,46.7164243262,7.9286695078100005,8508302,675.0
289,NW,780,47.5111974542,8.369607183760001,8503319,882.0
290,NOI,350,46.9549132858,6.72179933612,8504216,111.0
291,OEF,710,47.3564807476,8.04837791732,8502102,718.0
292,OI,300,47.1659234421,8.40476673935,8502219,875.0
293,OL,69300,47.3519295325,7.907688105,8500218,656.0
294,OFR,790,47.455812722,8.40209787525,8503525,881.0
295,LP,960,46.1786594705,5.99999627842,8501001,3.0
296,PUN,840,46.5146692019,6.657988124419999,8504000,90.0
297,RG,410,47.1726951083,8.98230203354,8503223,1176.0
298,REUT,310,47.5296543857,8.75213281727,8506036,1043.0
299,RF,8600,47.5512096146,7.792153930639999,8500301,626.0
300,AA,35900,47.3913553369,8.05125354274,8502113,748.0
301,ABO,2000,47.320266717399996,7.90820373354,8502000,655.0
302,AST,460,46.9550392879,8.277832975900001,8508317,821.0
303,ALTD,800,47.193966384,8.82288898291,8503211,1070.0
304,ALN,400,47.6213657537,9.26589677408,8506125,1313.0
305,ARD,340,46.2085842921,7.270944188189999,8501505,346.0
306,GD,12600,47.04915622,8.54949116322,8505004,933.0
307,AU,1100,47.2468165268,8.6437080619,8503205,1004.0
308,BAA,7400,47.1953625991,8.52325583517,8502206,936.0
309,BAAN,840,47.188487674300006,8.51775897551,8515992,936.0
310,BAE,440,47.200979162299994,8.72716324608,8503208,1037.0
311,ZZ,1400,47.5883101087,8.29556465398,8503409,833.0
312,BS,101400,47.547404152700004,7.589551467210001,8500010,527.0
313,BAZ,980,47.4101281088,9.06904195327,8506205,1217.0
314,BW,940,47.2672189808,8.202219626569999,8502034,802.0
315,BNZ,190,47.246843581099995,8.365596195010001,8502216,851.0
316,BERG,380,47.5822523245,9.174510789780001,8506194,1253.0
317,BTW,200,47.498616598999995,9.02076959637,8506182,1182.0
318,BO,50,46.3802576814,8.90655905474,8505207,1125.0
319,BRW,90,46.7456512146,8.09063028835,8508306,736.0
320,CAP,1000,45.9028465135,8.97889335734,8505304,1152.0
321,CAST,880,46.2252573555,9.04139950613,8505212,1194.0
322,CHAM,5000,47.178242366099994,8.457484080010001,8502203,904.0
323,CHI,4700,45.8321788009,9.031440576289999,8505307,1187.0
324,CH,23600,46.85307975520001,9.528925619610002,8509000,1395.0
325,CC,50,46.85086950270001,6.72316155773,8504203,109.0
326,CVN,780,46.513080116000005,6.67832554978,8504010,103.0
327,COP,6200,46.317380103299996,6.187832769269999,8501023,23.0
328,CORS,110,46.470445324399996,6.8247755489,8504040,143.0
329,DI,2300,47.4824133475,8.459421834310001,8503315,910.0
330,DTF,230,47.3445497083,9.07830029592,8506202,1216.0
331,DOM,370,46.8685046705,7.0113803283200005,8504125,233.0
332,DOP,70,46.8543983208,6.98535899591,8504124,200.0
333,DUE,8600,47.4000750283,8.62340719058,8503128,973.0
334,EL,1600,47.4985287524,8.86339187202,8506014,1110.0
335,EPS,130,46.4893183671,6.74516355201,8501125,122.0
336,ERLB,3600,47.3057853122,8.591504894660002,8503102,972.0
337,ERM,730,47.6699950278,9.085654760219999,8506133,1222.0
338,ESEE,110,47.2296890898,8.242303194289999,8502019,801.0
339,EST,1200,46.844496192600005,6.84295890069,8504132,150.0
340,EVOU,100,46.3628591884,6.879465040660001,8501425,163.0
341,EWMA,230,46.860723597799996,8.218671056569999,8508327,794.0
342,FT,300,47.692163637600004,8.64595208918,8503425,979.0
343,FF,12800,47.5581599749,8.89653893491,8506100,1112.0
344,GEAP,13700,46.23252934520001,6.11198571992,8501026,12.0
345,GER,50,46.1220435171,8.784962426,8505410,1049.0
346,GLZB,3400,47.3988744293,8.4204230971,8503512,880.0
347,GSS,10100,47.4118296551,9.25303263655,8506210,1309.0
348,GRA,50,47.4699139104,7.0480940862,8500143,277.0
349,HGT,1500,47.5642523105,8.68505196166,8506046,1010.0
350,HEN,50,46.734996008500005,6.87010300707,8504141,148.0
351,HIK,760,47.2226679578,8.25198154865,8502027,826.0
352,HUCH,220,47.169151856300005,8.449897781779999,8502306,904.0
353,HU,440,47.3882836417,8.12567843923,8502104,778.0
354,HM,170,47.5823394904,8.97453911285,8506102,1184.0
355,JO,4600,47.230969801,8.8345980429,8503120,1105.0
356,KN,1700,47.3320368667,8.80470571863,8503300,1073.0
357,KL,5400,47.4486070251,8.583791212489999,8503308,974.0
358,KLB,1700,47.4422864693,8.57070137795,8503309,941.0
359,KB,2900,47.6003354815,8.22702315842,8500329,808.0
360,KKO,150,47.3246738705,8.01907059825,8502122,717.0
361,KRH,1500,47.649167649700004,9.18196081638,8506128,1285.0
362,KRM,1500,47.0266153509,8.30236875,8516351,847.0
363,LAM,1600,46.0397205271,8.932122239460002,8505219,1119.0
364,LQ,12400,46.967438976400004,9.55402859224,8509002,1422.0
365,LF,450,47.39212497689999,7.856213267839999,8500035,657.0
366,LAV,50,46.44089783890001,8.83974336723,8505205,1090.0
367,LGB,60,46.975741596599995,9.04692465402,8503235,1209.0
368,LO,5900,46.1724273965,8.80135894865,8505400,1050.0
369,LOC,1900,47.057854141099995,6.74615360469,8504316,133.0
370,LON,290,46.5231229916,6.51954667355,8501048,68.0
371,LOT,180,47.6257356296,8.56680664761,8503420,944.0
372,LUN,480,46.7863494029,8.16355874167,8508310,766.0
373,MR,2000,46.727329662200006,8.18423402153,8508308,791.0
374,MERL,200,47.0676559849,8.409039213360002,8505011,873.0
375,MX,15500,46.435874352700004,6.91043275261,8501300,165.0
376,MST,620,47.513385783900006,7.617585570510001,8500119,526.0
377,MSCH,300,47.6334235783,9.2269983596,8506126,1285.0
378,NE,23600,46.9967222076,6.935705144910001,8504221,203.0
379,NRRB,60,46.9278346971,8.39619411198,8508384,871.0
380,NO,810,47.1388047171,8.13858805823,8502008,773.0
381,OWT,5000,47.5079184546,8.76037093131,8506016,1043.0
382,OLH,370,47.3485517008,7.8977062126,8500217,656.0
383,OP,2800,47.429951449200004,8.56176987445,8503340,940.0
384,PAL,3000,46.5427523751,6.83787768542,8504014,144.0
385,PAY,4500,46.8196387484,6.93987910663,8504134,200.0
386,PFU,1400,47.5160332387,8.646611564410001,8506042,1009.0
387,PTC,2700,46.28739143399999,6.16267245042,8501013,23.0
388,PR,7800,47.522657608,7.69080243836,8500021,560.0
389,PUI,2000,46.493832083,6.76568624893,8504012,122.0
390,QUA,50,46.1513026375,8.887319237489999,8505405,1121.0
391,REC,540,47.23522486939999,7.22741061293,8500101,337.0
392,REG,6100,47.4365626396,8.47206501622,8503526,909.0
393,REK,180,47.569967428999995,8.327111902050001,8503408,858.0
394,RIN,140,46.703860643999995,7.899814201360001,8508301,643.0
395,RIV,150,46.474196671099996,6.78458954595,8501126,121.0
396,RBGD,1100,47.0909062076,8.27317678808,8502012,824.0
397,RU,1900,47.4032880043,8.12694494762,8502114,778.0
398,SAL,280,46.3094470378,7.579007561810001,8501600,503.0
399,SAR,3500,46.8945995233,8.24748154593,8508314,820.0
400,AD,1700,47.4881178542,8.90328450849,8506013,1110.0
401,AF,7500,47.276064074,8.44658239143,8502224,906.0
402,ALT,2100,47.3742291734,9.55651096481,8506319,1405.0
403,ARB,1600,47.5105854479,9.43333858591,8506308,1359.0
404,ARBS,430,47.5215190263,9.42429272006,8516270,1359.0
405,AUSG,290,47.4361134139,9.64124454757,8506316,1427.0
406,AUV,380,46.979631211800005,6.8777060399600005,8504219,175.0
407,AV,640,46.8845963101,7.040916588250001,8504126,233.0
408,BAL,740,45.846756938999995,9.00503477094,8505306,1187.0
409,BMA,700,47.3688358029,8.87821095251,8503134,1108.0
410,BELL,490,47.2089019374,7.50785978776,8500205,456.0
411,BV,420,46.9296874014,6.81167928339,8504206,152.0
412,BEX,1800,46.251459596400004,7.00067755704,8501402,221.0
413,BIM,570,47.1447131206,7.27247559035,8504419,364.0
414,BIL,320,47.1521909901,9.029900017360001,8503224,1176.0
415,BIRR,670,47.435839456800004,8.21765486787,8502247,805.0
416,BZN,200,47.5004169871,9.23401945255,8506215,1282.0
417,BOU,420,46.3858098753,6.853241884889999,8501426,141.0
418,BRIT,140,47.2626629521,7.95702232358,8502002,686.0
419,BRO,150,47.4754416433,9.03466211603,8506181,1182.0
420,BROA,120,47.481268658999994,9.03090912842,8506188,1182.0
421,BUB,5100,47.27083959270001,8.82270102308,8503122,1071.0
422,BURN,1200,47.093643137799994,8.35663714452,8516350,848.0
423,BU,4500,47.1684089962,9.478629681889998,8509404,1377.0
424,BUD,2500,47.453397323900006,8.43557852512,8503527,881.0
425,BGL,730,47.54910051069999,9.14985544325,8506106,1252.0
426,BUET,1100,47.3595914091,9.07513534617,8506203,1216.0
427,CD,1700,46.1526250436,8.94168850732,8505404,1121.0
428,CDM,80,46.95990299,6.77498412319,8504217,131.0
429,CHAR,390,46.1268026313,7.126477733480001,8501501,284.0
430,CHF,600,46.216105486800004,7.305106046889999,8501510,346.0
431,CL,1900,46.442731816999995,6.895777987000001,8501203,165.0
432,COG,400,47.1933880076,7.14465464697,8504305,304.0
433,CFV,370,47.335073809700006,7.2911559938199995,8500121,368.0
434,CG,700,47.4052177358,7.12419139803,8500125,276.0
435,CT,250,47.2405870125,7.3420952990699995,8500104,397.0
436,DAY,790,46.7172808195,6.40051340587,8501104,54.0
437,DN,550,47.218217892,7.61889907416,8500209,520.0
438,DSH,1100,47.6854695764,8.75227980348,8503428,1046.0
439,DIH,180,47.5533468989,8.752957936860001,8506021,1043.0
440,DOE,2300,47.5752638935,8.25634387912,8503501,833.0
441,EBI,1300,47.08425714,8.342345353210002,8502200,848.0
442,EBLI,50,46.7526220004,7.99002753483,8508304,706.0
443,ECU,90,46.6104179611,6.811055883430001,8504018,146.0
444,EGN,310,47.5439914495,9.383000077430001,8506309,1359.0
445,EBG,1800,46.81952317020001,8.40264298232,8508399,869.0
446,ERL,490,47.551456260100004,9.22619100908,8506107,1283.0
447,ESL,1200,47.4614892248,8.958514706819999,8506011,1146.0
448,FB,1200,47.2391975436,8.78348281363,8503109,1071.0
449,FI,130,47.333298028,8.92327465614,8503136,1144.0
450,FCK,5000,47.5073437467,8.01307225263,8500305,721.0
451,GA,510,46.3065139347,7.74757569359,8501603,570.0
452,GKD,4900,47.4658812396,7.8476527126499995,8500027,658.0
453,GDBE,1100,46.2567305087,6.153963128969999,8501021,22.0
454,GSAG,3000,47.0783132004,8.276799527080001,8502028,824.0
455,GI,1100,46.8365341912,8.18630914667,8508312,793.0
456,GLA,5700,46.419975355,6.269138019369999,8501031,35.0
457,GLB,4800,47.4308254769,8.55883224276,8503310,940.0
458,GOR,510,46.899065200600006,6.781025432560001,8504205,130.0
459,GRS,50,46.806269954799994,6.6419368925999995,8504201,96.0
460,GUN,370,47.4741351028,8.91701626605,8506012,1146.0
461,HPT,250,47.476860853599995,9.25157587262,8506212,1310.0
462,HEBG,3700,47.4103853071,9.627243529460001,8506317,1426.0
463,HET,650,47.545437613699995,8.69481326415,8506045,1010.0
464,HI,2800,47.300050899999995,8.839697855639999,8503130,1072.0
465,IL,1900,47.408819234300005,8.72270382261,8503303,1041.0
466,KAAG,260,47.5664464571,8.41914841526,8503413,883.0
467,KIL,2400,47.324427406400005,8.547999085630002,8503200,938.0
468,KNO,980,47.2202591199,8.466708583099999,8502226,905.0
469,KBD,440,47.6093835703,8.24013823513,8503411,808.0
470,KUE,2300,47.0835940036,8.4334940573,8505002,874.0
471,LSN,1400,47.470196213,7.7598216009200005,8500024,592.0
472,LB,22300,47.3911934191,8.170378886449999,8502119,778.0
473,LK,2400,46.311885133500006,7.64394777254,8501601,503.0
474,LST,16300,47.4844551308,7.73135468775,8500023,592.0
475,LIG,370,47.0837604425,7.13514479553,8504227,302.0
476,COL,210,47.049878024099996,6.726068050019999,8504317,113.0
477,LUET,200,47.383827361899996,9.07067425759,8506204,1217.0
478,LZ,84700,47.0501697679,8.31017092011,8505000,823.0
479,ALD,1100,47.0350821216,8.30330764098,8508321,823.0
480,MAEG,810,47.4145021864,8.23513921004,8502106,805.0
481,MF,760,47.0038340592,9.52919552142,8509003,1398.0
482,MB,620,47.23870404979999,7.27593219578,8500102,366.0
483,MTL,1700,47.6310755053,8.65609788009,8506048,1011.0
484,MAS,300,46.2411990719,6.98565622637,8501420,221.0
485,MOSM,440,45.8776518954,8.98302829339,8518475,1151.0
486,MOE,3600,47.5618497594,7.83385418673,8500302,626.0
487,MRL,70,46.5083872786,6.78564812794,8504007,122.0
488,MOR,15100,46.5110918027,6.49396427184,8501037,68.0
489,MOU,3300,47.280666161899994,7.381039442660001,8500105,427.0
490,NAEN,5100,47.3693584945,8.686399715139999,8503126,1006.0
491,NH,1500,47.683134176,8.62491498919,8503423,979.0
492,NY,16900,46.3844060313,6.235974297009999,8501030,34.0
493,OGL,7700,47.4702034518,8.510604889489999,8503312,941.0
494,OAB,160,46.736557733999994,7.958919480930001,8508303,676.0
495,ORDD,1300,47.2767239721,8.57763334225,8502209,971.0
496,OSS,460,47.6146106042,8.72409330368,8506023,1045.0
497,PF,14200,47.2029974467,8.77811068503,8503209,1070.0
498,PFZ,4900,47.36708421270001,8.78477640275,8503301,1073.0
499,PIE,990,47.17143422189999,7.34019009864,8500200,395.0
500,PALV,90,46.5572387745,6.82834014222,8504016,145.0
501,PRSR,950,47.5305742249,7.70986947527,8517131,560.0
502,RZ,1700,47.603789329799994,8.54342564763,8503404,944.0
503,RAR,640,46.306273276700004,7.80150766492,8501604,602.0
504,REN,17500,46.5370287879,6.57893884264,8501118,79.0
505,REU,420,47.1897281967,7.2470140043199995,8504302,336.0
506,RFAU,1000,47.545866288199996,7.76802232018,8500313,594.0
507,RI,4400,47.2083677131,8.70746042267,8503207,1037.0
508,RN,840,47.4450032571,8.79630774826,8506005,1075.0
509,ROC,50,46.358685594300006,6.92704973241,8501304,163.0
510,ROG,320,47.2516286412,7.81490475887,8508101,620.0
511,RH,10600,47.565526984399995,9.37936259732,8506121,1360.0
512,RS,5000,47.4779984016,9.505131680349999,8506311,1407.0
513,ROS,640,46.782623488599995,7.061968971919999,8504028,264.0
514,RUEM,3400,47.4540663116,8.53274503651,8503311,941.0
515,RUS,190,46.18777119399999,6.01755436893,8501002,3.0
516,SAN,470,46.1604416733,8.973924315389999,8505415,1157.0
517,SD,210,47.39421260939999,8.85420315671,8506009,1108.0
518,SCHT,270,47.6795011585,8.68749675648,8503427,1012.0
519,SLF,370,47.6765598478,8.61424692042,8506039,979.0
520,SCHW,2700,47.0263942922,8.632139467030001,8505006,966.0
521,SIS,7700,47.4627456535,7.812018324369999,8500026,625.0
522,SIT,140,47.505221776300004,9.24898518569,8506214,1282.0
523,SIV,50,46.656315148800005,6.88380178135,8504022,169.0
524,SOR,70,47.2392372997,7.305765245419999,8500103,366.0
525,SGBR,250,47.4072003987,9.32964579651,8506301,1334.0
526,SGWI,1100,47.403925673500005,9.30083970711,8506300,1334.0
527,STKT,190,47.6875587749,8.73201759728,8506148,1046.0
528,STAE,5500,47.2405237212,8.721631221860001,8503107,1037.0
529,STAN,4900,46.958321024499995,8.36674143144,8508391,846.0
530,SSTA,1100,46.976266782399996,8.336335897569999,8508390,846.0
531,STK,910,47.6645058687,8.981008580610002,8506136,1150.0
532,STE,1000,47.194579860299996,8.47842234624,8502227,904.0
533,STS,3100,47.5415967349,7.94882272396,8500320,691.0
534,STET,19900,47.39721212479999,8.59613281648,8503147,973.0
535,STI,1800,47.151698153999995,7.0012149374899995,8504310,239.0
536,SUHR,1400,47.3716326855,8.08227404767,8502103,748.0
537,SS,11300,47.1707889132,8.09787795205,8502007,744.0
538,TAEM,270,47.6537189524,9.139547233270001,8506198,1254.0
539,TAV,770,46.056685952399995,8.93032466625,8505218,1119.0
540,TOA,250,47.521297384700006,9.033688952739999,8506183,1183.0
541,UET,4500,47.2590294057,8.678774746,8503105,1004.0
542,URD,2300,47.3908815923,8.43471362358,8502220,880.0
543,URDW,2200,47.380970884899995,8.430330311939999,8502229,880.0
544,UST,23500,47.3503664551,8.71868854805,8503125,1039.0
545,VD,50,46.6214485609,6.85003132174,8504021,146.0
546,VAU,50,46.8776352286,6.75758253853,8504204,129.0
547,VG,170,46.7898250195,7.116388536830001,8504030,264.0
548,VT,140,47.1601953195,7.01967397553,8504309,239.0
549,VIO,100,46.315024228599995,6.916205753080001,8501423,162.0
550,WCHO,50,47.1084102503,8.50502546872,8517112,934.0
551,WS,11600,47.412716982700005,8.59191127027,8503129,974.0
552,WAST,90,47.31992219560001,7.96318642397,8502121,687.0
553,WBOL,790,47.341397020500004,7.86834787109,8500216,656.0
554,WAU,840,47.183851411800006,8.0190083583,8502006,715.0
555,WE,4400,47.4596367944,8.3159863528,8503505,831.0
556,WI,1300,47.4152733765,8.16299733569,8502115,778.0
557,WHE,490,47.5015644748,8.76930571536,8516218,1042.0
558,WTOE,630,47.489807509399995,8.70929159585,8506044,1042.0
559,YV,13000,46.781876671000006,6.64114576153,8504200,95.0
560,ZGCA,150,47.1623165875,8.515186942,8517527,935.0
561,ZGFR,260,47.15657759649999,8.512275693160001,8515994,935.0
562,ZAF,3800,47.4209123371,8.5085656936,8503008,909.0
563,ZFH,43700,47.4503820775,8.56238666028,8503016,941.0
564,ZWG,2300,47.4337913284,7.53045708322,8500114,492.0
565,SACH,960,46.870960244399996,8.23829844538,8508313,794.0
566,SA,11300,47.0453635269,9.44539562754,8509411,1374.0
567,SY,1400,46.2142202175,6.037509142799999,8501003,6.0
568,SAX,890,46.149376272,7.173434424780001,8501502,284.0
569,SH,17000,47.6982814692,8.6327284859,8503424,979.0
570,SCWE,11400,47.3843802387,8.6586595992,8503127,1007.0
571,SHAU,130,47.610916582600005,9.1682387933,8506195,1254.0
572,SIE,6100,46.2921149792,7.53283036255,8501509,470.0
573,STA,630,47.4807713471,9.53652077145,8506312,1407.0
574,SBL,380,47.0145655009,6.98210841908,8504222,203.0
575,STG,210,47.3538535176,8.932359016569999,8503135,1144.0
576,STN,620,47.047663300399996,8.607435252610001,8505005,967.0
577,STMR,940,47.4899801946,8.4468407224,8503316,910.0
578,STGI,150,46.3919600075,6.8058903195200005,8501428,120.0
579,STP,1200,46.4823041329,6.4559046229299994,8501036,57.0
580,STSA,140,46.4725855624,6.7970306112,8501127,143.0
581,SU,400,47.3676921488,7.165944190560001,8500124,308.0
582,SLG,1200,47.5387993681,9.18367857671,8506217,1283.0
583,TLH,150,47.5696197047,8.75762721172,8506022,1044.0
584,TRIB,80,47.6629006458,9.10874984287,8506118,1222.0
585,UER,2000,47.2358565197,8.75261073401,8503108,1037.0
586,UNT,370,47.1138559734,9.25500777055,8509416,1303.0
587,UZW,4700,47.4364421946,9.130971707619999,8506208,1250.0
588,COI,530,46.2207092326,6.093894392159999,8501007,12.0
589,VZ,300,46.7205784272,6.96063985388,8504024,198.0
590,VIL,1900,46.3983659275,6.92699984758,8501303,164.0
591,VTE,100,46.495332535200006,6.70728469954,8501123,102.0
592,VU,270,46.5762368388,6.5307624545700005,8501116,80.0
593,WL,770,47.2726849167,8.91398907071,8503138,1143.0
594,WF,15500,47.5662241626,9.10634628137,8506105,1220.0
595,WD,760,47.5255401974,8.77601496118,8506017,1043.0
596,WILA,600,47.417770296099995,8.848467790760001,8506008,1109.0
597,WSEE,2900,47.487434941800004,8.766789040419999,8506002,1042.0
598,WWUE,510,47.50643257390001,8.68090851224,8506043,1009.0
599,CHP,110,46.7821397658,6.66231740717,8504144,108.0
600,ZIM,730,46.2212609654,6.0657404251100004,8501000,6.0
601,ZK,1100,47.3373317337,8.569717612,8503100,939.0
602,ZGO,280,47.147675872,8.50992153777,8502231,935.0
603,ZUE,396300,47.3781765756,8.54019221036,8503000,939.0
604,ZSEB,1500,47.418746910500005,8.544636141729999,8503007,940.0
605,ZSTH,68100,47.36661055689999,8.54846647022,8503003,939.0
606,ZTB,4200,47.3501235091,8.56137239898,8503004,939.0
607,ZWIE,7700,47.3714716204,8.52346258297,8503011,939.0
608,ZWD,100,47.5704402649,8.46789206212,8503405,912.0
609,RIEB,970,47.5831998345,7.65230105793,8014439,561.0
610,RSST,2200,47.475447646300005,9.48971870021,8506322,1383.0
611,RTR,890,47.3064476644,7.879386488360001,8508103,655.0
612,RLG,110,47.425370271800006,7.85052282001,8500033,657.0
613,RUET,180,46.934547281,9.01302543269,8503238,1172.0
614,SAF,570,47.32175296,7.983509009360001,8502100,717.0
615,SCAE,490,47.1576544109,9.04396432715,8503119,1212.0
616,SCHN,240,47.6666263051,8.770414385810001,8503429,1046.0
617,SCOE,1400,47.3714221617,8.00015594913,8502112,718.0
618,SCHK,390,47.50011585399999,8.811705828500001,8506035,1076.0
619,SEM,1900,47.1160520887,8.19596739854,8502009,799.0
620,SIB,2700,47.1826674891,8.90069892838,8503221,1141.0
621,SIG,1300,47.5179218559,8.24015363326,8503502,832.0
622,SIO,11600,46.2275453615,7.359191851910001,8501506,377.0
623,SO,15200,47.2041807751,7.542684203039999,8500207,488.0
624,SCB,2700,47.1951382943,7.16875443477,8504304,304.0
625,STER,120,47.1800770071,8.07456185019,8502010,744.0
626,TEN,1200,46.1774682553,8.85022179541,8505401,1085.0
627,TREY,50,46.779952351599995,6.91624479995,8504142,171.0
628,TUI,480,46.2499433407,6.14734101981,8501011,12.0
629,TUR,290,46.3093240882,7.69960071796,8501602,536.0
630,UTW,410,47.586021429300004,9.33968840224,8506122,1338.0
631,VSX,2700,46.279715833199994,6.165746326259999,8501022,22.0
632,VOU,370,46.337291170200004,6.8975742345899995,8501424,163.0
633,WCHW,570,47.09868276939999,8.51692521124,8502205,934.0
634,WAL,1400,47.119871009300006,9.31297181278,8509414,1329.0
635,WO,5200,47.348461837399995,8.26978121872,8502213,829.0
636,WOS,400,46.9077595046,8.394681558119998,8508394,870.0
637,ZOL,3200,47.001821444799994,7.462904268089999,8504410,452.0
638,ZG,35500,47.1736230527,8.51529569481,8502204,936.0
639,KMUE,600,47.180471335200004,8.485760892610001,8502230,904.0
640,ZEN,13000,47.3640983597,8.53080595476,8503010,939.0
641,SBAD,530,47.4517752695,8.166928322230001,8502116,779.0
642,SCHL,10100,47.3991743125,8.44722881452,8503509,880.0
643,SCHO,1100,47.4979704691,8.41179388261,8503317,882.0
644,SCBU,380,47.176383855299996,8.93876288214,8503222,1141.0
645,SEU,1800,47.5357677342,8.73886853866,8506020,1043.0
646,SK,170,46.9492536033,8.620730686939998,8505111,965.0
647,SOAD,330,47.208875096099995,7.521428848260001,8518963,456.0
648,SW,1400,47.2067084108,7.53194511273,8500206,488.0
649,SGF,2400,47.434542033999996,9.39342737505,8506303,1357.0
650,SMG,2600,47.453211815699994,9.63825154068,8506314,1427.0
651,STM,560,47.6348793716,8.78872663664,8506024,1045.0
652,STCH,450,47.500861190200006,9.44212099652,8516271,1383.0
653,TK,610,47.4457572594,7.887605230239999,8500028,658.0
654,TW,17300,47.2959747213,8.56475556229,8503202,938.0
655,TOUR,1900,46.4554432937,6.85953018827,8501201,165.0
656,TRI,80,47.366046633900005,7.90427743742,8500037,656.0
657,TU,1200,47.437383413,8.843803291910001,8506007,1109.0
658,UZ,7200,47.2242754695,8.980675395710001,8503116,1177.0
659,VERN,330,46.1385417213,7.0383637320000005,8501405,219.0
660,VVFU,110,46.468271611400006,6.8354371001,8504015,143.0
661,VEY,130,46.4176118611,6.92785847954,8501302,192.0
662,WAE,16200,47.229301103800005,8.675192758969999,8503206,1004.0
663,WAA,680,47.2319515056,7.656223604199999,8500210,554.0
664,WIL,19800,47.462409237299994,9.04098327921,8506206,1218.0
665,WIN,1300,47.29720073,8.59897547971,8503111,971.0
666,W,91500,47.5003335301,8.72379907332,8506000,1042.0
667,WUER,780,47.4457585301,8.35764331882,8503529,855.0
668,YND,460,46.80086354270001,6.746686480529999,8504130,128.0
669,ZB,8500,47.1361516592,9.06003718984,8503225,1212.0
670,ZGPP,160,47.168273486000004,8.51691604796,8502300,935.0
671,ZHDB,47200,47.3851946908,8.51710646094,8503020,940.0
672,ZWIP,3300,47.3930313233,8.52935905447,8503015,940.0
673,ZWOL,2400,47.3474399219,8.53358828018,8503009,939.0
674,POR,2700,47.420909698,7.080074510339999,8500126,276.0
675,PRMA,2600,46.526689335200004,6.602629415959999,8518452,79.0
676,RMZ,590,47.4415398241,8.81911811289,8506006,1075.0
677,RZO,50,46.1169976034,8.77653228958,8505408,1049.0
678,RAET,590,47.49867569560001,8.79499713285,8506015,1076.0
679,REID,1300,47.2414629092,7.968756769510001,8502003,685.0
680,RCK,2100,47.4668881391,9.590904226589998,8506313,1427.0
681,RIAZ,640,46.1755125216,8.88532079686,8505412,1121.0
682,ROM,2800,46.693501750699994,6.91181476775,8504023,170.0
683,RBG,720,47.0881904457,8.24917741374,8502020,824.0
684,RUES,2500,47.307132384700004,8.555151469360002,8503201,938.0
685,SN,50,46.1351651392,8.80705386556,8505407,1084.0
686,LSA,830,46.658776761300004,6.51736524915,8501108,71.0
687,SCME,1500,47.225155873199995,8.94336741805,8503115,1142.0
688,SCHD,1300,46.9968482066,9.07744743355,8503233,1209.0
689,SEL,810,47.200618837700006,7.45662984225,8500204,456.0
690,SKY,560,47.4651737084,8.76033034905,8506003,1042.0
691,SE,650,47.346140022700006,8.15878995065,8502030,777.0
692,SINS,1100,47.188308281000005,8.39780794584,8502218,876.0
693,SIR,730,47.461991968199996,9.00045935104,8506010,1182.0
694,SOM,50,47.439011156899994,7.85146338126,8500032,624.0
695,SV,180,47.1413268967,6.969344201039999,8504311,206.0
696,SG,47100,47.4231790668,9.369877120429999,8506302,1357.0
697,STR,2200,47.656108874,8.85500693112,8506139,1113.0
698,STRI,680,47.1878937296,8.47969110761,8518459,904.0
699,SL,450,46.2514824986,7.419570429969999,8501507,407.0
700,SM,5000,46.216363536,7.00204915835,8501403,188.0
701,TAEN,90,47.5093655501,9.02478054512,8506168,1183.0
702,TAEG,660,47.659617365200006,9.13295927882,8506132,1255.0
703,TAN,410,46.3076341414,6.181124811109999,8501015,23.0
704,TD,160,47.2683703417,8.85270412923,8503139,1106.0
705,TA,1300,47.219838555100004,7.20163489763,8500100,336.0
706,TER,220,46.4263773828,6.922702127869999,8501301,192.0
707,TH,32000,46.754853293900005,7.62959464395,8507100,511.0
708,TR,370,46.9424047306,6.67656029661,8504215,111.0
709,TG,6100,47.4917545162,8.25344123675,8503503,832.0
710,TUE,100,47.114995028900005,7.197304814830001,8504229,334.0
711,TWN,550,47.0936555927,7.15649171643,8504228,302.0
712,VAL,830,46.7123977825,6.370564655140001,8501103,54.0
713,VV,19900,46.4629974303,6.84345000982,8501200,143.0
714,VI,18800,46.2940248591,7.88145816487,8501605,636.0
715,WAB,490,47.107893328100005,8.31968694103,8502017,849.0
716,WZ,24100,47.3180331432,8.79226951209,8503123,1072.0
717,WGR,1700,47.498750639700006,8.751037480960001,8506001,1042.0
718,WWAL,1300,47.516719,8.76086862997,8506038,1043.0
719,WY,760,47.1051648822,7.663496326110001,8508006,552.0
720,ZF,8800,47.288044759799995,7.94309735295,8502001,686.0
721,ZGSE,1000,47.1737252745,8.50722421468,8516187,904.0
722,ZAS,32100,47.391480836099994,8.4889402654,8503001,908.0
723,ZOER,70900,47.4115288802,8.54411523121,8503006,940.0
